Existing checking account;Duration in month;Credit history;Purpose;Credit amount;Savings account/bonds;Present employment since;Installment rate;Personal status and sex;Other debtors;Present residence;Property;Age;Other installment;Housing;Existing credits;Job;Number of people being liable;Telephone;Foreign worker;Score
A11;6;A34;A43;1169;A65;A75;4;A93;A101;4;A121;67;A143;A152;2;A173;1;A192;A201;1;0.600715353
A12;48;A32;A43;5951;A61;A73;2;A92;A101;2;A121;22;A143;A152;1;A173;1;A191;A201;2;0.496130655
A14;12;A34;A46;2096;A61;A74;2;A93;A101;3;A121;49;A143;A152;1;A172;2;A191;A201;1;0.506866366
A11;42;A32;A42;7882;A61;A74;2;A93;A103;4;A122;45;A143;A153;1;A173;2;A191;A201;1;0.5994821
A11;24;A33;A40;4870;A61;A73;3;A93;A101;4;A124;53;A143;A153;2;A173;2;A191;A201;2;0.550060466
A14;36;A32;A46;9055;A65;A73;2;A93;A101;4;A124;35;A143;A153;1;A172;2;A192;A201;1;0.501290835
A14;24;A32;A42;2835;A63;A75;3;A93;A101;4;A122;53;A143;A152;1;A173;1;A191;A201;1;0.617404307
A12;36;A32;A41;6948;A61;A73;2;A93;A101;2;A123;35;A143;A151;1;A174;1;A192;A201;1;0.476348482
A14;12;A32;A43;3059;A64;A74;2;A91;A101;4;A121;61;A143;A152;1;A172;1;A191;A201;1;0.543519801
A12;30;A34;A40;5234;A61;A71;4;A94;A101;2;A123;28;A143;A152;2;A174;1;A191;A201;2;0.368951631
A12;12;A32;A40;1295;A61;A72;3;A92;A101;1;A123;25;A143;A151;1;A173;1;A191;A201;2;0.321267721
A11;48;A32;A49;4308;A61;A72;3;A92;A101;4;A122;24;A143;A151;1;A173;1;A191;A201;2;0.528453856
A12;12;A32;A43;1567;A61;A73;1;A92;A101;1;A123;22;A143;A152;1;A173;1;A192;A201;1;0.4270104
A11;24;A34;A40;1199;A61;A75;4;A93;A101;4;A123;60;A143;A152;2;A172;1;A191;A201;2;0.626400036
A11;15;A32;A40;1403;A61;A73;2;A92;A101;4;A123;28;A143;A151;1;A173;1;A191;A201;1;0.545424327
A11;24;A32;A43;1282;A62;A73;4;A92;A101;2;A123;32;A143;A152;1;A172;1;A191;A201;2;0.392992229
A14;24;A34;A43;2424;A65;A75;4;A93;A101;4;A122;53;A143;A152;2;A173;1;A191;A201;1;0.637115574
A11;30;A30;A49;8072;A65;A72;2;A93;A101;3;A123;25;A141;A152;3;A173;1;A191;A201;1;0.518193712
A12;24;A32;A41;12579;A61;A75;4;A92;A101;2;A124;44;A143;A153;1;A174;1;A192;A201;2;0.416880175
A14;24;A32;A43;3430;A63;A75;3;A93;A101;2;A123;31;A143;A152;1;A173;2;A192;A201;1;0.51829006
A14;9;A34;A40;2134;A61;A73;4;A93;A101;4;A123;48;A143;A152;3;A173;1;A192;A201;1;0.552532993
A11;6;A32;A43;2647;A63;A73;2;A93;A101;3;A121;44;A143;A151;1;A173;2;A191;A201;1;0.461554118
A11;10;A34;A40;2241;A61;A72;1;A93;A101;3;A121;48;A143;A151;2;A172;2;A191;A202;1;0.484406174
A12;12;A34;A41;1804;A62;A72;3;A93;A101;4;A122;44;A143;A152;1;A173;1;A191;A201;1;0.455591992
A14;10;A34;A42;2069;A65;A73;2;A94;A101;1;A123;26;A143;A152;2;A173;1;A191;A202;1;0.431903366
A11;6;A32;A42;1374;A61;A73;1;A93;A101;2;A121;36;A141;A152;1;A172;1;A192;A201;1;0.435826078
A14;6;A30;A43;426;A61;A75;4;A94;A101;4;A123;39;A143;A152;1;A172;1;A191;A201;1;0.538553972
A13;12;A31;A43;409;A64;A73;3;A92;A101;3;A121;42;A143;A151;2;A173;1;A191;A201;1;0.516384179
A12;7;A32;A43;2415;A61;A73;3;A93;A103;2;A121;34;A143;A152;1;A173;1;A191;A201;1;0.389145691
A11;60;A33;A49;6836;A61;A75;3;A93;A101;4;A124;63;A143;A152;2;A173;1;A192;A201;2;0.72145307
A12;18;A32;A49;1913;A64;A72;3;A94;A101;3;A121;36;A141;A152;1;A173;1;A192;A201;1;0.424380404
A11;24;A32;A42;4020;A61;A73;2;A93;A101;2;A123;27;A142;A152;1;A173;1;A191;A201;1;0.45023475
A12;18;A32;A40;5866;A62;A73;2;A93;A101;2;A123;30;A143;A152;2;A173;1;A192;A201;1;0.461433081
A14;12;A34;A49;1264;A65;A75;4;A93;A101;4;A124;57;A143;A151;1;A172;1;A191;A201;1;0.546391268
A13;12;A32;A42;1474;A61;A72;4;A92;A101;1;A122;33;A141;A152;1;A174;1;A192;A201;1;0.311683367
A12;45;A34;A43;4746;A61;A72;4;A93;A101;2;A122;25;A143;A152;2;A172;1;A191;A201;2;0.41498694
A14;48;A34;A46;6110;A61;A73;1;A93;A101;3;A124;31;A141;A153;1;A173;1;A192;A201;1;0.572022358
A13;18;A32;A43;2100;A61;A73;4;A93;A102;2;A121;37;A142;A152;1;A173;1;A191;A201;2;0.391458341
A13;10;A32;A44;1225;A61;A73;2;A93;A101;2;A123;37;A143;A152;1;A173;1;A192;A201;1;0.44054336
A12;9;A32;A43;458;A61;A73;4;A93;A101;3;A121;24;A143;A152;1;A173;1;A191;A201;1;0.430155254
A14;30;A32;A43;2333;A63;A75;4;A93;A101;2;A123;30;A141;A152;1;A174;1;A191;A201;1;0.538183936
A12;12;A32;A43;1158;A63;A73;3;A91;A101;1;A123;26;A143;A152;1;A173;1;A192;A201;1;0.369181812
A12;18;A33;A45;6204;A61;A73;2;A93;A101;4;A121;44;A143;A152;1;A172;2;A192;A201;1;0.481228803
A11;30;A34;A41;6187;A62;A74;1;A94;A101;4;A123;24;A143;A151;2;A173;1;A191;A201;1;0.66152139
A11;48;A34;A41;6143;A61;A75;4;A92;A101;4;A124;58;A142;A153;2;A172;1;A191;A201;2;0.64145198
A14;11;A34;A40;1393;A61;A72;4;A92;A101;4;A123;35;A143;A152;2;A174;1;A191;A201;1;0.495823094
A14;36;A32;A43;2299;A63;A75;4;A93;A101;4;A123;39;A143;A152;1;A173;1;A191;A201;1;0.624715303
A11;6;A32;A41;1352;A63;A71;1;A92;A101;2;A122;23;A143;A151;1;A171;1;A192;A201;1;0.319772222
A14;11;A34;A40;7228;A61;A73;1;A93;A101;4;A122;39;A143;A152;2;A172;1;A191;A201;1;0.529113689
A14;12;A32;A43;2073;A62;A73;4;A92;A102;2;A121;28;A143;A152;1;A173;1;A191;A201;1;0.37531887
A12;24;A33;A42;2333;A65;A72;4;A93;A101;2;A122;29;A141;A152;1;A172;1;A191;A201;1;0.335721556
A12;27;A33;A41;5965;A61;A75;1;A93;A101;2;A123;30;A143;A152;2;A174;1;A192;A201;1;0.632330247
A14;12;A32;A43;1262;A61;A73;3;A93;A101;2;A123;25;A143;A152;1;A173;1;A191;A201;1;0.414628797
A14;18;A32;A41;3378;A65;A73;2;A93;A101;1;A122;31;A143;A152;1;A173;1;A192;A201;1;0.393879382
A12;36;A33;A40;2225;A61;A75;4;A93;A101;4;A124;57;A141;A153;2;A173;1;A192;A201;2;0.671984466
A14;6;A31;A40;783;A65;A73;1;A93;A103;2;A121;26;A142;A152;1;A172;2;A191;A201;1;0.441876122
A12;12;A32;A43;6468;A65;A71;2;A93;A101;1;A124;52;A143;A152;1;A174;1;A192;A201;2;0.276063865
A14;36;A34;A43;9566;A61;A73;2;A92;A101;2;A123;31;A142;A152;2;A173;1;A191;A201;1;0.472803935
A13;18;A32;A40;1961;A61;A75;3;A92;A101;2;A123;23;A143;A152;1;A174;1;A191;A201;1;0.5401681
A11;36;A34;A42;6229;A61;A72;4;A92;A102;4;A124;23;A143;A151;2;A172;1;A192;A201;2;0.468204981
A12;9;A32;A49;1391;A61;A73;2;A94;A101;1;A121;27;A141;A152;1;A173;1;A192;A201;1;0.389596418
A12;15;A34;A43;1537;A65;A75;4;A93;A103;4;A121;50;A143;A152;2;A173;1;A192;A201;1;0.621571954
A12;36;A30;A49;1953;A61;A75;4;A93;A101;4;A124;61;A143;A153;1;A174;1;A192;A201;2;0.651513105
A12;48;A30;A49;14421;A61;A73;2;A93;A101;2;A123;25;A143;A152;1;A173;1;A192;A201;2;0.409423603
A14;24;A32;A43;3181;A61;A72;4;A92;A101;4;A122;26;A143;A152;1;A173;1;A192;A201;1;0.443319684
A14;27;A32;A45;5190;A65;A75;4;A93;A101;4;A122;48;A143;A152;4;A173;2;A192;A201;1;0.710031333
A14;12;A32;A43;2171;A61;A72;2;A92;A101;2;A123;29;A141;A152;1;A173;1;A191;A201;1;0.389819524
A12;12;A32;A40;1007;A64;A73;4;A94;A101;1;A121;22;A143;A152;1;A173;1;A191;A201;1;0.339719842
A14;36;A32;A46;1819;A61;A73;4;A93;A101;4;A124;37;A142;A153;1;A173;1;A192;A201;2;0.536605788
A14;36;A32;A43;2394;A65;A73;4;A92;A101;4;A123;25;A143;A152;1;A173;1;A191;A201;1;0.530719536
A14;36;A32;A41;8133;A61;A73;1;A92;A101;2;A122;30;A141;A152;1;A173;1;A191;A201;1;0.471969623
A14;7;A34;A43;730;A65;A75;4;A93;A101;2;A122;46;A143;A151;2;A172;1;A192;A201;1;0.491666287
A11;8;A34;A410;1164;A61;A75;3;A93;A101;4;A124;51;A141;A153;2;A174;2;A192;A201;1;0.66050206
A12;42;A34;A49;5954;A61;A74;2;A92;A101;1;A121;41;A141;A152;2;A172;1;A191;A201;1;0.502939889
A11;36;A32;A46;1977;A65;A75;4;A93;A101;4;A124;40;A143;A152;1;A174;1;A192;A201;2;0.651267418
A11;12;A34;A41;1526;A61;A75;4;A93;A101;4;A124;66;A143;A153;2;A174;1;A191;A201;1;0.636732441
A11;42;A32;A43;3965;A61;A72;4;A93;A101;3;A123;34;A143;A152;1;A173;1;A191;A201;2;0.438029885
A12;11;A33;A43;4771;A61;A74;2;A93;A101;4;A122;51;A143;A152;1;A173;1;A191;A201;1;0.546513961
A14;54;A30;A41;9436;A65;A73;2;A93;A101;2;A122;39;A143;A152;1;A172;2;A191;A201;1;0.453614904
A12;30;A32;A42;3832;A61;A72;2;A94;A101;1;A122;22;A143;A152;1;A173;1;A191;A201;1;0.375551911
A14;24;A32;A43;5943;A65;A72;1;A92;A101;1;A123;44;A143;A152;2;A173;1;A192;A201;2;0.4150452
A14;15;A32;A43;1213;A63;A75;4;A93;A101;3;A122;47;A142;A152;1;A173;1;A192;A201;1;0.531865474
A14;18;A32;A49;1568;A62;A73;3;A92;A101;4;A122;24;A143;A151;1;A172;1;A191;A201;1;0.497679597
A11;24;A32;A410;1755;A61;A75;4;A92;A103;4;A121;58;A143;A152;1;A172;1;A192;A201;1;0.574196658
A11;10;A32;A43;2315;A61;A75;3;A93;A101;4;A121;52;A143;A152;1;A172;1;A191;A201;1;0.561168019
A14;12;A34;A49;1412;A61;A73;4;A92;A103;2;A121;29;A143;A152;2;A174;1;A192;A201;1;0.451852942
A12;18;A34;A42;1295;A61;A72;4;A92;A101;1;A122;27;A143;A152;2;A173;1;A191;A201;1;0.353187466
A12;36;A32;A46;12612;A62;A73;1;A93;A101;4;A124;47;A143;A153;1;A173;2;A192;A201;2;0.519141535
A11;18;A32;A40;2249;A62;A74;4;A93;A101;3;A123;30;A143;A152;1;A174;2;A192;A201;1;0.506212103
A11;12;A30;A45;1108;A61;A74;4;A93;A101;3;A121;28;A143;A152;2;A173;1;A191;A201;2;0.52473242
A14;12;A34;A43;618;A61;A75;4;A93;A101;4;A121;56;A143;A152;1;A173;1;A191;A201;1;0.576260158
A11;12;A34;A41;1409;A61;A75;4;A93;A101;3;A121;54;A143;A152;1;A173;1;A191;A201;1;0.521651095
A14;12;A34;A43;797;A65;A75;4;A92;A101;3;A122;33;A141;A152;1;A172;2;A191;A201;2;0.504660301
A13;24;A34;A42;3617;A65;A75;4;A93;A102;4;A124;20;A143;A151;2;A173;1;A191;A201;1;0.624902881
A12;12;A32;A40;1318;A64;A75;4;A93;A101;4;A121;54;A143;A152;1;A173;1;A192;A201;1;0.569094286
A12;54;A30;A49;15945;A61;A72;3;A93;A101;4;A124;58;A143;A151;1;A173;1;A192;A201;2;0.425742221
A14;12;A34;A46;2012;A65;A74;4;A92;A101;2;A123;61;A143;A152;1;A173;1;A191;A201;1;0.422454952
A12;18;A32;A49;2622;A62;A73;4;A93;A101;4;A123;34;A143;A152;1;A173;1;A191;A201;1;0.479137903
A12;36;A34;A43;2337;A61;A75;4;A93;A101;4;A121;36;A143;A152;1;A173;1;A191;A201;1;0.624326299
A12;20;A33;A41;7057;A65;A74;3;A93;A101;4;A122;36;A141;A151;2;A174;2;A192;A201;1;0.586495764
A14;24;A32;A40;1469;A62;A75;4;A94;A101;4;A121;41;A143;A151;1;A172;1;A191;A201;1;0.577124429
A12;36;A32;A43;2323;A61;A74;4;A93;A101;4;A123;24;A143;A151;1;A173;1;A191;A201;1;0.577957988
A14;6;A33;A43;932;A61;A73;3;A92;A101;2;A121;24;A143;A152;1;A173;1;A191;A201;1;0.401591125
A12;9;A34;A42;1919;A61;A74;4;A93;A101;3;A123;35;A143;A151;1;A173;1;A192;A201;1;0.461710683
A14;12;A32;A41;2445;A65;A72;2;A94;A101;4;A123;26;A143;A151;1;A173;1;A192;A201;1;0.480037853
A12;24;A34;A410;11938;A61;A73;2;A93;A102;3;A123;39;A143;A152;2;A174;2;A192;A201;2;0.48545757
A14;18;A31;A40;6458;A61;A75;2;A93;A101;4;A124;39;A141;A152;2;A174;2;A192;A201;2;0.664675126
A12;12;A32;A40;6078;A61;A74;2;A93;A101;2;A123;32;A143;A152;1;A173;1;A191;A201;1;0.442846977
A11;24;A32;A42;7721;A65;A72;1;A92;A101;2;A122;30;A143;A152;1;A173;1;A192;A202;1;0.396843885
A12;14;A32;A49;1410;A63;A75;1;A94;A101;2;A121;35;A143;A152;1;A173;1;A192;A201;1;0.573624442
A12;6;A33;A49;1449;A62;A75;1;A91;A101;2;A123;31;A141;A152;2;A173;2;A191;A201;1;0.597849004
A13;15;A32;A46;392;A61;A72;4;A92;A101;4;A122;23;A143;A151;1;A173;1;A192;A201;1;0.447246762
A12;18;A32;A40;6260;A61;A74;3;A93;A101;3;A121;28;A143;A151;1;A172;1;A191;A201;1;0.449647781
A14;36;A34;A40;7855;A61;A73;4;A92;A101;2;A121;25;A142;A152;2;A173;1;A192;A201;2;0.42830387
A11;12;A32;A43;1680;A63;A75;3;A94;A101;1;A121;35;A143;A152;1;A173;1;A191;A201;1;0.456861375
A14;48;A34;A43;3578;A65;A75;4;A93;A101;1;A121;47;A143;A152;1;A173;1;A192;A201;1;0.504919085
A11;42;A32;A43;7174;A65;A74;4;A92;A101;3;A123;30;A143;A152;1;A174;1;A192;A201;2;0.52145855
A11;10;A34;A42;2132;A65;A72;2;A92;A102;3;A121;27;A143;A151;2;A173;1;A191;A202;1;0.477770065
A11;33;A34;A42;4281;A63;A73;1;A92;A101;4;A123;23;A143;A152;2;A173;1;A191;A201;2;0.642729342
A12;12;A34;A40;2366;A63;A74;3;A91;A101;3;A123;36;A143;A152;1;A174;1;A192;A201;1;0.519606262
A11;21;A32;A43;1835;A61;A73;3;A92;A101;2;A121;25;A143;A152;2;A173;1;A192;A201;2;0.479898449
A14;24;A34;A41;3868;A61;A75;4;A92;A101;2;A123;41;A143;A151;2;A174;1;A192;A201;1;0.552565962
A14;12;A32;A42;1768;A61;A73;3;A93;A101;2;A121;24;A143;A151;1;A172;1;A191;A201;1;0.386193081
A13;10;A34;A40;781;A61;A75;4;A93;A101;4;A124;63;A143;A153;2;A173;1;A192;A201;1;0.615631206
A12;18;A32;A42;1924;A65;A72;4;A92;A101;3;A121;27;A143;A151;1;A173;1;A191;A201;2;0.393260046
A11;12;A34;A40;2121;A61;A73;4;A93;A101;2;A122;30;A143;A152;2;A173;1;A191;A201;1;0.421339124
A11;12;A32;A43;701;A61;A73;4;A94;A101;2;A121;40;A143;A152;1;A172;1;A191;A201;1;0.366108165
A12;12;A32;A45;639;A61;A73;4;A93;A101;2;A123;30;A143;A152;1;A173;1;A191;A201;2;0.389998671
A12;12;A34;A41;1860;A61;A71;4;A93;A101;2;A123;34;A143;A152;2;A174;1;A192;A201;1;0.354243529
A11;12;A34;A40;3499;A61;A73;3;A92;A102;2;A121;29;A143;A152;2;A173;1;A191;A201;2;0.438240345
A12;48;A32;A40;8487;A65;A74;1;A92;A101;2;A123;24;A143;A152;1;A173;1;A191;A201;1;0.547689104
A11;36;A33;A46;6887;A61;A73;4;A93;A101;3;A122;29;A142;A152;1;A173;1;A192;A201;2;0.438213247
A14;15;A32;A42;2708;A61;A72;2;A93;A101;3;A122;27;A141;A152;2;A172;1;A191;A201;1;0.462297653
A14;18;A32;A42;1984;A61;A73;4;A93;A101;4;A124;47;A141;A153;2;A173;1;A191;A201;1;0.532180712
A14;60;A32;A43;10144;A62;A74;2;A92;A101;4;A121;21;A143;A152;1;A173;1;A192;A201;1;0.625573703
A14;12;A34;A43;1240;A65;A75;4;A92;A101;2;A121;38;A143;A152;2;A173;1;A192;A201;1;0.523381141
A14;27;A33;A41;8613;A64;A73;2;A93;A101;2;A123;27;A143;A152;2;A173;1;A191;A201;1;0.457935955
A12;12;A32;A43;766;A63;A73;4;A93;A101;3;A121;66;A143;A152;1;A172;1;A191;A201;2;0.411954391
A12;15;A34;A43;2728;A65;A74;4;A93;A103;2;A121;35;A141;A152;3;A173;1;A192;A201;1;0.516356479
A13;12;A32;A43;1881;A61;A73;2;A92;A101;2;A123;44;A143;A151;1;A172;1;A192;A201;1;0.416044056
A13;6;A32;A40;709;A64;A72;2;A94;A101;2;A121;27;A143;A152;1;A171;1;A191;A202;1;0.341858463
A12;36;A32;A43;4795;A61;A72;4;A92;A101;1;A124;30;A143;A152;1;A174;1;A192;A201;1;0.343349898
A11;27;A32;A43;3416;A61;A73;3;A93;A101;2;A123;27;A143;A152;1;A174;1;A191;A201;1;0.45687387
A11;18;A32;A42;2462;A61;A73;2;A93;A101;2;A123;22;A143;A152;1;A173;1;A191;A201;2;0.449768065
A14;21;A34;A42;2288;A61;A72;4;A92;A101;4;A122;23;A143;A152;1;A173;1;A192;A201;1;0.444253355
A12;48;A31;A49;3566;A62;A74;4;A93;A101;2;A123;30;A143;A152;1;A173;1;A191;A201;1;0.505041929
A11;6;A34;A40;860;A61;A75;1;A92;A101;4;A124;39;A143;A152;2;A173;1;A192;A201;1;0.696901829
A14;12;A34;A40;682;A62;A74;4;A92;A101;3;A123;51;A143;A152;2;A173;1;A192;A201;1;0.529093365
A11;36;A34;A42;5371;A61;A73;3;A93;A103;2;A122;28;A143;A152;2;A173;1;A191;A201;1;0.48474023
A14;18;A34;A43;1582;A64;A75;4;A93;A101;4;A123;46;A143;A152;2;A173;1;A191;A201;1;0.629319226
A14;6;A32;A43;1346;A62;A75;2;A93;A101;4;A124;42;A141;A153;1;A173;2;A192;A201;1;0.614407287
A14;10;A32;A43;1924;A61;A73;1;A93;A101;4;A122;38;A143;A152;1;A173;1;A192;A202;1;0.557418732
A13;36;A32;A43;5848;A61;A73;4;A93;A101;1;A123;24;A143;A152;1;A173;1;A191;A201;1;0.355826193
A12;24;A34;A41;7758;A64;A75;2;A92;A101;4;A124;29;A143;A151;1;A173;1;A191;A201;1;0.598015505
A12;24;A33;A49;6967;A62;A74;4;A93;A101;4;A123;36;A143;A151;1;A174;1;A192;A201;1;0.520841623
A11;12;A32;A42;1282;A61;A73;2;A92;A101;4;A123;20;A143;A151;1;A173;1;A191;A201;2;0.538455065
A11;9;A34;A45;1288;A62;A75;3;A93;A103;4;A121;48;A143;A152;2;A173;2;A191;A202;1;0.638712841
A11;12;A31;A48;339;A61;A75;4;A94;A101;1;A123;45;A141;A152;1;A172;1;A191;A201;1;0.416325573
A12;24;A32;A40;3512;A62;A74;2;A93;A101;3;A123;38;A141;A152;2;A173;1;A192;A201;1;0.594970009
A14;6;A34;A43;1898;A65;A73;1;A93;A101;2;A121;34;A143;A152;2;A172;2;A191;A201;1;0.476973539
A14;24;A34;A43;2872;A62;A75;3;A93;A101;4;A121;36;A143;A152;1;A173;2;A192;A201;1;0.61702554
A14;18;A34;A40;1055;A61;A72;4;A92;A101;1;A122;30;A143;A152;2;A173;1;A191;A201;1;0.355644336
A14;15;A32;A44;1262;A63;A74;4;A93;A101;3;A122;36;A143;A152;2;A173;1;A192;A201;1;0.531363863
A12;10;A32;A40;7308;A61;A71;2;A93;A101;4;A124;70;A141;A153;1;A174;1;A192;A201;1;0.401527746
A14;36;A32;A40;909;A63;A75;4;A93;A101;4;A122;36;A143;A152;1;A173;1;A191;A201;1;0.638944678
A14;6;A32;A42;2978;A63;A73;1;A93;A101;2;A123;32;A143;A152;1;A173;1;A192;A201;1;0.442661808
A11;18;A32;A42;1131;A61;A71;4;A92;A101;2;A123;33;A143;A152;1;A173;1;A191;A201;2;0.308354699
A12;11;A32;A42;1577;A64;A72;4;A92;A101;1;A121;20;A143;A152;1;A173;1;A191;A201;1;0.284637168
A14;24;A32;A42;3972;A61;A74;2;A92;A101;4;A122;25;A143;A151;1;A173;1;A192;A201;1;0.590261008
A12;24;A34;A49;1935;A61;A75;4;A91;A101;4;A121;31;A143;A152;2;A173;1;A192;A201;2;0.642121447
A11;15;A30;A40;950;A61;A75;4;A93;A101;3;A123;33;A143;A151;2;A173;2;A191;A201;2;0.581069422
A14;12;A32;A42;763;A61;A73;4;A92;A101;1;A121;26;A143;A152;1;A173;1;A192;A201;1;0.34221766
A12;24;A33;A42;2064;A61;A71;3;A92;A101;2;A122;34;A143;A152;1;A174;1;A192;A201;2;0.36948305
A12;8;A32;A43;1414;A61;A73;4;A93;A103;2;A121;33;A143;A152;1;A173;1;A191;A202;1;0.371121114
A11;21;A33;A46;3414;A61;A72;2;A93;A101;1;A122;26;A143;A152;2;A173;1;A191;A201;2;0.401718786
A14;30;A31;A41;7485;A65;A71;4;A92;A101;1;A121;53;A141;A152;1;A174;1;A192;A201;2;0.252884979
A11;12;A32;A42;2577;A61;A73;2;A91;A101;1;A123;42;A143;A152;1;A173;1;A191;A201;1;0.385663318
A11;6;A34;A43;338;A63;A75;4;A93;A101;4;A123;52;A143;A152;2;A173;1;A191;A201;1;0.609222267
A14;12;A32;A43;1963;A61;A74;4;A93;A101;2;A123;31;A143;A151;2;A174;2;A192;A201;1;0.492724005
A11;21;A34;A40;571;A61;A75;4;A93;A101;4;A121;65;A143;A152;2;A173;1;A191;A201;1;0.647876727
A14;36;A33;A49;9572;A61;A72;1;A91;A101;1;A123;28;A143;A152;2;A173;1;A191;A201;2;0.410727009
A12;36;A33;A49;4455;A61;A73;2;A91;A101;2;A121;30;A142;A152;2;A174;1;A192;A201;2;0.548380852
A11;21;A31;A40;1647;A65;A73;4;A93;A101;2;A122;40;A143;A152;2;A172;2;A191;A201;2;0.427559432
A14;24;A34;A42;3777;A64;A73;4;A93;A101;4;A121;50;A143;A152;1;A173;1;A192;A201;1;0.483730083
A12;18;A34;A40;884;A61;A75;4;A93;A101;4;A123;36;A141;A152;1;A173;2;A192;A201;2;0.589952996
A14;15;A34;A43;1360;A61;A73;4;A93;A101;2;A122;31;A143;A152;2;A173;1;A191;A201;1;0.437337385
A12;9;A31;A41;5129;A61;A75;2;A92;A101;4;A124;74;A141;A153;1;A174;2;A192;A201;2;0.607144615
A12;16;A34;A40;1175;A61;A71;2;A93;A101;3;A123;68;A143;A153;3;A171;1;A192;A201;1;0.457471076
A11;12;A32;A43;674;A62;A74;4;A94;A101;1;A122;20;A143;A152;1;A173;1;A191;A201;2;0.389640377
A12;18;A30;A42;3244;A61;A73;1;A92;A101;4;A123;33;A141;A152;2;A173;1;A192;A201;1;0.612305398
A14;24;A32;A49;4591;A64;A73;2;A93;A101;3;A122;54;A143;A152;3;A174;1;A192;A201;2;0.607180144
A12;48;A30;A49;3844;A62;A74;4;A93;A101;4;A124;34;A143;A153;1;A172;2;A191;A201;2;0.571963496
A12;27;A32;A49;3915;A61;A73;4;A93;A101;2;A123;36;A143;A152;1;A173;2;A192;A201;2;0.397502061
A14;6;A32;A43;2108;A61;A74;2;A94;A101;2;A121;29;A143;A151;1;A173;1;A191;A201;1;0.46707184
A12;45;A32;A43;3031;A62;A73;4;A93;A103;4;A122;21;A143;A151;1;A173;1;A191;A201;2;0.548822396
A12;9;A34;A46;1501;A61;A75;2;A92;A101;3;A123;34;A143;A152;2;A174;1;A192;A201;2;0.644284306
A14;6;A34;A43;1382;A61;A73;1;A92;A101;1;A123;28;A143;A152;2;A173;1;A192;A201;1;0.458999997
A12;12;A32;A42;951;A62;A72;4;A92;A101;4;A123;27;A141;A151;4;A173;1;A191;A201;2;0.572851251
A12;24;A32;A41;2760;A65;A75;4;A93;A101;4;A124;36;A141;A153;1;A173;1;A192;A201;1;0.587164327
A12;18;A33;A42;4297;A61;A75;4;A91;A101;3;A124;40;A143;A152;1;A174;1;A192;A201;2;0.531758437
A14;9;A34;A46;936;A63;A75;4;A93;A101;2;A123;52;A143;A152;2;A173;1;A192;A201;1;0.518285243
A11;12;A32;A40;1168;A61;A73;4;A94;A101;3;A121;27;A143;A152;1;A172;1;A191;A201;1;0.407839133
A14;27;A33;A49;5117;A61;A74;3;A93;A101;4;A123;26;A143;A152;2;A173;1;A191;A201;1;0.602251499
A11;12;A32;A48;902;A61;A74;4;A94;A101;4;A122;21;A143;A151;1;A173;1;A191;A201;2;0.526841234
A14;12;A34;A40;1495;A61;A75;4;A93;A101;1;A121;38;A143;A152;2;A172;2;A191;A201;1;0.451003275
A11;30;A34;A41;10623;A61;A75;3;A93;A101;4;A124;38;A143;A153;3;A174;2;A192;A201;1;0.670373801
A14;12;A34;A42;1935;A61;A75;4;A93;A101;4;A121;43;A143;A152;3;A173;1;A192;A201;1;0.655801338
A12;12;A34;A44;1424;A61;A74;4;A93;A101;3;A122;26;A143;A152;1;A173;1;A191;A201;1;0.474985913
A11;24;A32;A49;6568;A61;A73;2;A94;A101;2;A123;21;A142;A152;1;A172;1;A191;A201;1;0.400895162
A14;12;A32;A41;1413;A64;A74;3;A93;A101;2;A122;55;A143;A152;1;A173;1;A191;A202;1;0.459594643
A14;9;A34;A43;3074;A65;A73;1;A93;A101;2;A121;33;A143;A152;2;A173;2;A191;A201;1;0.496398622
A14;36;A32;A43;3835;A65;A75;2;A92;A101;4;A121;45;A143;A152;1;A172;1;A192;A201;1;0.647751023
A11;27;A30;A49;5293;A61;A71;2;A93;A101;4;A122;50;A142;A152;2;A173;1;A192;A201;2;0.491922662
A13;30;A33;A49;1908;A61;A75;4;A93;A101;4;A121;66;A143;A152;1;A174;1;A192;A201;2;0.6355579
A14;36;A34;A43;3342;A65;A75;4;A93;A101;2;A123;51;A143;A152;1;A173;1;A192;A201;1;0.521014898
A12;6;A34;A48;932;A65;A74;1;A92;A101;3;A122;39;A143;A152;2;A172;1;A191;A201;1;0.579885698
A11;18;A30;A49;3104;A61;A74;3;A93;A101;1;A122;31;A141;A152;1;A173;1;A192;A201;1;0.412188185
A13;36;A32;A43;3913;A61;A73;2;A93;A101;2;A121;23;A143;A152;1;A173;1;A192;A201;1;0.484161842
A11;24;A32;A42;3021;A61;A73;2;A91;A101;2;A121;24;A143;A151;1;A172;1;A191;A201;1;0.437205659
A14;10;A32;A40;1364;A61;A73;2;A92;A101;4;A123;64;A143;A152;1;A173;1;A192;A201;1;0.532143678
A12;12;A32;A43;625;A61;A72;4;A94;A103;1;A121;26;A141;A152;1;A172;1;A191;A201;1;0.273862918
A11;12;A32;A46;1200;A65;A73;4;A92;A101;4;A122;23;A141;A151;1;A173;1;A192;A201;1;0.477278992
A14;12;A32;A43;707;A61;A73;4;A93;A101;2;A121;30;A141;A152;2;A173;1;A191;A201;1;0.435814185
A14;24;A33;A49;2978;A65;A73;4;A93;A101;4;A121;32;A143;A152;2;A173;2;A192;A201;1;0.538421042
A14;15;A32;A41;4657;A61;A73;3;A93;A101;2;A123;30;A143;A152;1;A173;1;A192;A201;1;0.388082252
A14;36;A30;A45;2613;A61;A73;4;A93;A101;2;A123;27;A143;A152;2;A173;1;A191;A201;1;0.481966014
A12;48;A32;A43;10961;A64;A74;1;A93;A102;2;A124;27;A141;A152;2;A173;1;A192;A201;2;0.568874493
A11;12;A32;A42;7865;A61;A75;4;A93;A101;4;A124;53;A143;A153;1;A174;1;A192;A201;2;0.525328723
A14;9;A32;A43;1478;A61;A74;4;A93;A101;2;A123;22;A143;A152;1;A173;1;A191;A201;2;0.419713555
A11;24;A32;A42;3149;A61;A72;4;A93;A101;1;A124;22;A141;A153;1;A173;1;A191;A201;1;0.304112383
A13;36;A32;A43;4210;A61;A73;4;A93;A101;2;A123;26;A143;A152;1;A173;1;A191;A201;2;0.419105961
A14;9;A32;A40;2507;A63;A75;2;A93;A101;4;A124;51;A143;A153;1;A172;1;A191;A201;1;0.587474297
A14;12;A32;A43;2141;A62;A74;3;A93;A101;1;A124;35;A143;A152;1;A173;1;A191;A201;1;0.405630509
A12;18;A32;A43;866;A61;A73;4;A94;A103;2;A121;25;A143;A152;1;A172;1;A191;A201;1;0.380834935
A14;4;A34;A43;1544;A61;A74;2;A93;A101;1;A121;42;A143;A152;3;A172;2;A191;A201;1;0.490629343
A11;24;A32;A43;1823;A61;A71;4;A93;A101;2;A123;30;A142;A152;1;A174;2;A191;A201;2;0.340942406
A12;6;A32;A40;14555;A65;A71;1;A93;A101;2;A122;23;A143;A152;1;A171;1;A192;A201;2;0.184613638
A12;21;A32;A49;2767;A62;A75;4;A91;A101;2;A123;61;A141;A151;2;A172;1;A191;A201;2;0.509117293
A14;12;A34;A43;1291;A61;A73;4;A92;A101;2;A122;35;A143;A152;2;A173;1;A191;A201;1;0.429835801
A11;30;A32;A43;2522;A61;A75;1;A93;A103;3;A122;39;A143;A152;1;A173;2;A191;A201;1;0.652528221
A11;24;A32;A40;915;A65;A75;4;A92;A101;2;A123;29;A141;A152;1;A173;1;A191;A201;2;0.513028263
A14;6;A32;A43;1595;A61;A74;3;A93;A101;2;A122;51;A143;A152;1;A173;2;A191;A201;1;0.441315648
A11;48;A30;A41;4605;A61;A75;3;A93;A101;4;A124;24;A143;A153;2;A173;2;A191;A201;2;0.711459991
A14;12;A34;A49;1185;A61;A73;3;A92;A101;2;A121;27;A143;A152;2;A173;1;A191;A201;1;0.46192867
A14;12;A31;A48;3447;A63;A73;4;A92;A101;3;A121;35;A143;A152;1;A172;2;A191;A201;1;0.384509101
A14;24;A32;A49;1258;A61;A74;4;A93;A101;1;A121;25;A143;A152;1;A173;1;A192;A201;1;0.41649373
A14;12;A34;A43;717;A61;A75;4;A93;A101;4;A121;52;A143;A152;3;A173;1;A191;A201;1;0.668269955
A14;6;A30;A40;1204;A62;A73;4;A93;A101;1;A124;35;A141;A151;1;A173;1;A191;A202;1;0.321287292
A13;24;A32;A42;1925;A61;A73;2;A93;A101;2;A121;26;A143;A152;1;A173;1;A191;A201;1;0.471681181
A14;18;A32;A43;433;A61;A71;3;A92;A102;4;A121;22;A143;A151;1;A173;1;A191;A201;2;0.439531105
A11;6;A34;A40;666;A64;A74;3;A92;A101;4;A121;39;A143;A152;2;A172;1;A192;A201;1;0.567104854
A13;12;A32;A42;2251;A61;A73;1;A92;A101;2;A123;46;A143;A152;1;A172;1;A191;A201;1;0.443264133
A12;30;A32;A40;2150;A61;A73;4;A92;A103;2;A124;24;A141;A152;1;A173;1;A191;A201;2;0.42377823
A14;24;A33;A42;4151;A62;A73;2;A93;A101;3;A122;35;A143;A152;2;A173;1;A191;A201;1;0.541916964
A12;9;A32;A42;2030;A65;A74;2;A93;A101;1;A123;24;A143;A152;1;A173;1;A192;A201;1;0.429566629
A12;60;A33;A43;7418;A65;A73;1;A93;A101;1;A121;27;A143;A152;1;A172;1;A191;A201;1;0.475185082
A14;24;A34;A43;2684;A61;A73;4;A93;A101;2;A121;35;A143;A152;2;A172;1;A191;A201;1;0.425151639
A11;12;A31;A43;2149;A61;A73;4;A91;A101;1;A124;29;A143;A153;1;A173;1;A191;A201;2;0.328029233
A14;15;A32;A41;3812;A62;A72;1;A92;A101;4;A123;23;A143;A152;1;A173;1;A192;A201;1;0.505259615
A14;11;A34;A43;1154;A62;A71;4;A92;A101;4;A121;57;A143;A152;3;A172;1;A191;A201;1;0.4517581
A11;12;A32;A42;1657;A61;A73;2;A93;A101;2;A121;27;A143;A152;1;A173;1;A191;A201;1;0.441592949
A11;24;A32;A43;1603;A61;A75;4;A92;A101;4;A123;55;A143;A152;1;A173;1;A191;A201;1;0.59900849
A11;18;A34;A40;5302;A61;A75;2;A93;A101;4;A124;36;A143;A153;3;A174;1;A192;A201;1;0.72302068
A14;12;A34;A46;2748;A61;A75;2;A92;A101;4;A124;57;A141;A153;3;A172;1;A191;A201;1;0.686238379
A14;10;A34;A40;1231;A61;A75;3;A93;A101;4;A121;32;A143;A152;2;A172;2;A191;A202;1;0.618776512
A12;15;A32;A43;802;A61;A75;4;A93;A101;3;A123;37;A143;A152;1;A173;2;A191;A201;2;0.536072864
A14;36;A34;A49;6304;A65;A75;4;A93;A101;4;A121;36;A143;A152;2;A173;1;A191;A201;1;0.630227906
A14;24;A32;A43;1533;A61;A72;4;A92;A101;3;A123;38;A142;A152;1;A173;1;A192;A201;1;0.413678566
A11;14;A32;A40;8978;A61;A75;1;A91;A101;4;A122;45;A143;A152;1;A174;1;A192;A202;2;0.612430199
A14;24;A32;A43;999;A65;A75;4;A93;A101;2;A123;25;A143;A152;2;A173;1;A191;A201;1;0.558679986
A14;18;A32;A40;2662;A65;A74;4;A93;A101;3;A122;32;A143;A152;1;A173;1;A191;A202;1;0.478728425
A14;12;A34;A42;1402;A63;A74;3;A92;A101;4;A123;37;A143;A151;1;A173;1;A192;A201;1;0.552730506
A12;48;A31;A40;12169;A65;A71;4;A93;A102;4;A124;36;A143;A153;1;A174;1;A192;A201;1;0.393717548
A12;48;A32;A43;3060;A61;A74;4;A93;A101;4;A121;28;A143;A152;2;A173;1;A191;A201;2;0.649756714
A11;30;A32;A45;11998;A61;A72;1;A91;A101;1;A124;34;A143;A152;1;A172;1;A192;A201;2;0.299708834
A14;9;A32;A43;2697;A61;A73;1;A93;A101;2;A121;32;A143;A152;1;A173;2;A191;A201;1;0.453746328
A14;18;A34;A43;2404;A61;A73;2;A92;A101;2;A123;26;A143;A152;2;A173;1;A191;A201;1;0.496873437
A11;12;A32;A42;1262;A65;A75;2;A91;A101;4;A122;49;A143;A152;1;A172;1;A192;A201;1;0.608427246
A14;6;A32;A42;4611;A61;A72;1;A92;A101;4;A122;32;A143;A152;1;A173;1;A191;A201;2;0.472456481
A14;24;A32;A43;1901;A62;A73;4;A93;A101;4;A123;29;A143;A151;1;A174;1;A192;A201;1;0.526190434
A14;15;A34;A41;3368;A64;A75;3;A93;A101;4;A124;23;A143;A151;2;A173;1;A192;A201;1;0.633835833
A14;12;A32;A42;1574;A61;A73;4;A93;A101;2;A121;50;A143;A152;1;A173;1;A191;A201;1;0.380427113
A13;18;A31;A43;1445;A65;A74;4;A93;A101;4;A123;49;A141;A152;1;A172;1;A191;A201;1;0.514442619
A14;15;A34;A42;1520;A65;A75;4;A93;A101;4;A122;63;A143;A152;1;A173;1;A191;A201;1;0.575234355
A12;24;A34;A40;3878;A62;A72;4;A91;A101;2;A123;37;A143;A152;1;A173;1;A192;A201;1;0.343161267
A11;47;A32;A40;10722;A61;A72;1;A92;A101;1;A121;35;A143;A152;1;A172;1;A192;A201;1;0.359282823
A11;48;A32;A41;4788;A61;A74;4;A93;A101;3;A122;26;A143;A152;1;A173;2;A191;A201;1;0.539043991
A12;48;A33;A410;7582;A62;A71;2;A93;A101;4;A124;31;A143;A153;1;A174;1;A192;A201;1;0.502689987
A12;12;A32;A43;1092;A61;A73;4;A92;A103;4;A121;49;A143;A152;2;A173;1;A192;A201;1;0.524896212
A11;24;A33;A43;1024;A61;A72;4;A94;A101;4;A121;48;A142;A152;1;A173;1;A191;A201;2;0.465400806
A14;12;A32;A49;1076;A61;A73;2;A94;A101;2;A121;26;A143;A152;1;A173;1;A192;A202;1;0.447540623
A12;36;A32;A41;9398;A61;A72;1;A94;A101;4;A123;28;A143;A151;1;A174;1;A192;A201;2;0.52878731
A11;24;A34;A41;6419;A61;A75;2;A92;A101;4;A124;44;A143;A153;2;A174;2;A192;A201;1;0.681490236
A13;42;A34;A41;4796;A61;A75;4;A93;A101;4;A124;56;A143;A153;1;A173;1;A191;A201;1;0.615569483
A14;48;A34;A49;7629;A65;A75;4;A91;A101;2;A123;46;A141;A152;2;A174;2;A191;A201;1;0.57972823
A12;48;A32;A42;9960;A61;A72;1;A92;A101;2;A123;26;A143;A152;1;A173;1;A192;A201;2;0.439586806
A14;12;A32;A41;4675;A65;A72;1;A92;A101;4;A123;20;A143;A151;1;A173;1;A191;A201;1;0.488217184
A14;10;A32;A40;1287;A65;A75;4;A93;A102;2;A122;45;A143;A152;1;A172;1;A191;A202;1;0.447660606
A14;18;A32;A42;2515;A61;A73;3;A93;A101;4;A121;43;A143;A152;1;A173;1;A192;A201;1;0.51124101
A12;21;A34;A42;2745;A64;A74;3;A93;A101;2;A123;32;A143;A152;2;A173;1;A192;A201;1;0.517094444
A14;6;A32;A40;672;A61;A71;1;A92;A101;4;A121;54;A143;A152;1;A171;1;A192;A201;1;0.41975661
A12;36;A30;A43;3804;A61;A73;4;A92;A101;1;A123;42;A143;A152;1;A173;1;A192;A201;2;0.376750539
A13;24;A34;A40;1344;A65;A74;4;A93;A101;2;A121;37;A141;A152;2;A172;2;A191;A201;2;0.485380793
A11;10;A34;A40;1038;A61;A74;4;A93;A102;3;A122;49;A143;A152;2;A173;1;A192;A201;1;0.519977051
A14;48;A34;A40;10127;A63;A73;2;A93;A101;2;A124;44;A141;A153;1;A173;1;A191;A201;2;0.45338111
A14;6;A32;A42;1543;A64;A73;4;A91;A101;2;A121;33;A143;A152;1;A173;1;A191;A201;1;0.36432859
A14;30;A32;A41;4811;A65;A74;2;A92;A101;4;A122;24;A142;A151;1;A172;1;A191;A201;1;0.574832253
A11;12;A32;A43;727;A62;A72;4;A94;A101;3;A124;33;A143;A152;1;A172;1;A192;A201;2;0.365842004
A12;8;A32;A42;1237;A61;A73;3;A92;A101;4;A121;24;A143;A152;1;A173;1;A191;A201;2;0.496964064
A12;9;A32;A40;276;A61;A73;4;A94;A101;4;A121;22;A143;A151;1;A172;1;A191;A201;1;0.455274195
A12;48;A32;A410;5381;A65;A71;3;A93;A101;4;A124;40;A141;A153;1;A171;1;A192;A201;1;0.424446342
A14;24;A32;A42;5511;A62;A73;4;A93;A101;1;A123;25;A142;A152;1;A173;1;A191;A201;1;0.326444311
A13;24;A32;A42;3749;A61;A72;2;A92;A101;4;A123;26;A143;A152;1;A173;1;A191;A201;1;0.499520594
A12;12;A32;A40;685;A61;A74;2;A94;A101;3;A123;25;A141;A152;1;A172;1;A191;A201;2;0.521310716
A13;4;A32;A40;1494;A65;A72;1;A93;A101;2;A121;29;A143;A152;1;A172;2;A191;A202;1;0.382614059
A11;36;A31;A42;2746;A61;A75;4;A93;A101;4;A123;31;A141;A152;1;A173;1;A191;A201;2;0.620139382
A11;12;A32;A42;708;A61;A73;2;A93;A103;3;A122;38;A143;A152;1;A172;2;A191;A201;1;0.474563638
A12;24;A32;A42;4351;A65;A73;1;A92;A101;4;A122;48;A143;A152;1;A172;1;A192;A201;1;0.54762151
A14;12;A34;A46;701;A61;A73;4;A93;A101;2;A123;32;A143;A152;2;A173;1;A191;A201;1;0.435875607
A11;15;A33;A42;3643;A61;A75;1;A92;A101;4;A122;27;A143;A152;2;A172;1;A191;A201;1;0.669780358
A12;30;A34;A40;4249;A61;A71;4;A94;A101;2;A123;28;A143;A152;2;A174;1;A191;A201;2;0.379035037
A11;24;A32;A43;1938;A61;A72;4;A91;A101;3;A122;32;A143;A152;1;A173;1;A191;A201;2;0.409532597
A11;24;A32;A41;2910;A61;A74;2;A93;A101;1;A124;34;A143;A153;1;A174;1;A192;A201;1;0.48485359
A11;18;A32;A42;2659;A64;A73;4;A93;A101;2;A123;28;A143;A152;1;A173;1;A191;A201;1;0.38573588
A14;18;A34;A40;1028;A61;A73;4;A92;A101;3;A121;36;A143;A152;2;A173;1;A191;A201;1;0.495455618
A11;8;A34;A40;3398;A61;A74;1;A93;A101;4;A121;39;A143;A152;2;A172;1;A191;A202;1;0.606624939
A14;12;A34;A42;5801;A65;A75;2;A93;A101;4;A122;49;A143;A151;1;A173;1;A192;A201;1;0.585217499
A14;24;A32;A40;1525;A64;A74;4;A92;A101;3;A123;34;A143;A152;1;A173;2;A192;A201;1;0.506783717
A13;36;A32;A43;4473;A61;A75;4;A93;A101;2;A123;31;A143;A152;1;A173;1;A191;A201;1;0.509436896
A12;6;A32;A43;1068;A61;A75;4;A93;A101;4;A123;28;A143;A152;1;A173;2;A191;A201;1;0.555237658
A11;24;A34;A41;6615;A61;A71;2;A93;A101;4;A124;75;A143;A153;2;A174;1;A192;A201;1;0.493437281
A14;18;A34;A46;1864;A62;A73;4;A92;A101;2;A121;30;A143;A152;2;A173;1;A191;A201;2;0.440385891
A12;60;A32;A40;7408;A62;A72;4;A92;A101;2;A122;24;A143;A152;1;A174;1;A191;A201;2;0.428775824
A14;48;A34;A41;11590;A62;A73;2;A92;A101;4;A123;24;A141;A151;2;A172;1;A191;A201;2;0.554683507
A11;24;A30;A42;4110;A61;A75;3;A93;A101;4;A124;23;A141;A151;2;A173;2;A191;A201;2;0.650863811
A11;6;A34;A42;3384;A61;A73;1;A91;A101;4;A121;44;A143;A151;1;A174;1;A192;A201;2;0.554784672
A12;13;A32;A43;2101;A61;A72;2;A92;A103;4;A122;23;A143;A152;1;A172;1;A191;A201;1;0.463039531
A11;15;A32;A44;1275;A65;A73;4;A92;A101;2;A123;24;A143;A151;1;A173;1;A191;A201;2;0.391695898
A11;24;A32;A42;4169;A61;A73;4;A93;A101;4;A122;28;A143;A152;1;A173;1;A191;A201;1;0.479717195
A12;10;A32;A42;1521;A61;A73;4;A91;A101;2;A123;31;A143;A152;1;A172;1;A191;A201;1;0.352241902
A12;24;A34;A46;5743;A61;A72;2;A92;A101;4;A124;24;A143;A153;2;A173;1;A192;A201;1;0.525619724
A11;21;A32;A42;3599;A61;A74;1;A92;A101;4;A123;26;A143;A151;1;A172;1;A191;A201;1;0.593623398
A12;18;A32;A43;3213;A63;A72;1;A94;A101;3;A121;25;A143;A151;1;A173;1;A191;A201;1;0.47308786
A12;18;A32;A49;4439;A61;A75;1;A93;A102;1;A121;33;A141;A152;1;A174;1;A192;A201;1;0.530304789
A13;10;A32;A40;3949;A61;A72;1;A93;A103;1;A122;37;A143;A152;1;A172;2;A191;A201;1;0.327386563
A14;15;A34;A43;1459;A61;A73;4;A92;A101;2;A123;43;A143;A152;1;A172;1;A191;A201;1;0.366556484
A12;13;A34;A43;882;A61;A72;4;A93;A103;4;A121;23;A143;A152;2;A173;1;A191;A201;1;0.483270323
A12;24;A32;A43;3758;A63;A71;1;A92;A101;4;A124;23;A143;A151;1;A171;1;A191;A201;1;0.437412958
A14;6;A33;A49;1743;A62;A73;1;A93;A101;2;A121;34;A143;A152;2;A172;1;A191;A201;1;0.478560268
A12;9;A34;A46;1136;A64;A75;4;A93;A101;3;A124;32;A143;A153;2;A173;2;A191;A201;2;0.562749479
A14;9;A32;A44;1236;A61;A72;1;A92;A101;4;A121;23;A143;A151;1;A173;1;A192;A201;1;0.515214155
A12;9;A32;A42;959;A61;A73;1;A92;A101;2;A123;29;A143;A152;1;A173;1;A191;A202;2;0.471538165
A14;18;A34;A41;3229;A65;A71;2;A93;A101;4;A124;38;A143;A152;1;A174;1;A192;A201;1;0.465172131
A11;12;A30;A43;6199;A61;A73;4;A93;A101;2;A122;28;A143;A151;2;A173;1;A192;A201;2;0.379592801
A14;10;A32;A46;727;A63;A75;4;A93;A101;4;A124;46;A143;A153;1;A173;1;A192;A201;1;0.569672374
A12;24;A32;A40;1246;A61;A72;4;A93;A101;2;A121;23;A142;A152;1;A172;1;A191;A201;2;0.346849131
A14;12;A34;A43;2331;A65;A75;1;A93;A102;4;A121;49;A143;A152;1;A173;1;A192;A201;1;0.651747502
A14;36;A33;A43;4463;A61;A73;4;A93;A101;2;A123;26;A143;A152;2;A174;1;A192;A201;2;0.486283452
A14;12;A32;A43;776;A61;A73;4;A94;A101;2;A121;28;A143;A152;1;A173;1;A191;A201;1;0.388596207
A11;30;A32;A42;2406;A61;A74;4;A92;A101;4;A121;23;A143;A151;1;A173;1;A191;A201;2;0.560692452
A12;18;A32;A46;1239;A65;A73;4;A93;A101;4;A124;61;A143;A153;1;A173;1;A191;A201;1;0.493295619
A13;12;A32;A43;3399;A65;A75;2;A93;A101;3;A123;37;A143;A152;1;A174;1;A191;A201;1;0.586550863
A13;12;A33;A40;2247;A61;A73;2;A92;A101;2;A123;36;A142;A152;2;A173;1;A192;A201;1;0.482064771
A14;6;A32;A42;1766;A61;A73;1;A94;A101;2;A122;21;A143;A151;1;A173;1;A191;A201;1;0.455069004
A11;18;A32;A42;2473;A61;A71;4;A93;A101;1;A123;25;A143;A152;1;A171;1;A191;A201;2;0.201593443
A14;12;A32;A49;1542;A61;A74;2;A93;A101;4;A123;36;A143;A152;1;A173;1;A192;A201;1;0.582305083
A14;18;A34;A41;3850;A61;A74;3;A93;A101;1;A123;27;A143;A152;2;A173;1;A191;A201;1;0.451063041
A11;18;A32;A42;3650;A61;A72;1;A92;A101;4;A123;22;A143;A151;1;A173;1;A191;A201;1;0.515125936
A11;36;A32;A42;3446;A61;A75;4;A93;A101;2;A123;42;A143;A152;1;A173;2;A191;A201;2;0.519950254
A12;18;A32;A42;3001;A61;A74;2;A92;A101;4;A121;40;A143;A151;1;A173;1;A191;A201;1;0.583785227
A14;36;A32;A40;3079;A65;A73;4;A93;A101;4;A121;36;A143;A152;1;A173;1;A191;A201;1;0.523707219
A14;18;A34;A43;6070;A61;A75;3;A93;A101;4;A123;33;A143;A152;2;A173;1;A192;A201;1;0.614383501
A14;10;A34;A42;2146;A61;A72;1;A92;A101;3;A121;23;A143;A151;2;A173;1;A191;A201;1;0.508634499
A14;60;A34;A40;13756;A65;A75;2;A93;A101;4;A124;63;A141;A153;1;A174;1;A192;A201;1;0.658365245
A12;60;A31;A410;14782;A62;A75;3;A92;A101;4;A124;60;A141;A153;2;A174;1;A192;A201;2;0.663366
A11;48;A31;A49;7685;A61;A74;2;A92;A103;4;A123;37;A143;A151;1;A173;1;A191;A201;2;0.61791465
A14;18;A33;A43;2320;A61;A71;2;A94;A101;3;A121;34;A143;A152;2;A173;1;A191;A201;1;0.451221713
A14;7;A33;A43;846;A65;A75;3;A93;A101;4;A124;36;A143;A153;1;A173;1;A191;A201;1;0.591253993
A12;36;A32;A40;14318;A61;A75;4;A93;A101;2;A124;57;A143;A153;1;A174;1;A192;A201;2;0.431909839
A14;6;A34;A40;362;A62;A73;4;A92;A101;4;A123;52;A143;A152;2;A172;1;A191;A201;1;0.49269751
A11;20;A32;A42;2212;A65;A74;4;A93;A101;4;A123;39;A143;A152;1;A173;1;A192;A201;1;0.535318641
A12;18;A32;A41;12976;A61;A71;3;A92;A101;4;A124;38;A143;A153;1;A174;1;A192;A201;2;0.334384729
A14;22;A32;A40;1283;A65;A74;4;A92;A101;4;A122;25;A143;A151;1;A173;1;A191;A201;1;0.550300733
A13;12;A32;A40;1330;A61;A72;4;A93;A101;1;A121;26;A143;A152;1;A173;1;A191;A201;1;0.289901676
A14;30;A33;A49;4272;A62;A73;2;A93;A101;2;A122;26;A143;A152;2;A172;1;A191;A201;1;0.487326719
A14;18;A34;A43;2238;A61;A73;2;A92;A101;1;A123;25;A143;A152;2;A173;1;A191;A201;1;0.452061144
A14;18;A32;A43;1126;A65;A72;4;A92;A101;2;A121;21;A143;A151;1;A173;1;A192;A201;1;0.354917512
A12;18;A34;A42;7374;A61;A71;4;A93;A101;4;A122;40;A142;A152;2;A174;1;A192;A201;1;0.407236055
A12;15;A34;A49;2326;A63;A73;2;A93;A101;4;A123;27;A141;A152;1;A173;1;A191;A201;1;0.535975613
A14;9;A32;A49;1449;A61;A74;3;A92;A101;2;A123;27;A143;A152;2;A173;1;A191;A201;1;0.497529806
A14;18;A32;A40;1820;A61;A73;2;A94;A101;2;A122;30;A143;A152;1;A174;1;A192;A201;1;0.479596007
A12;12;A32;A42;983;A64;A72;1;A92;A101;4;A121;19;A143;A151;1;A172;1;A191;A201;1;0.502756226
A11;36;A32;A40;3249;A61;A74;2;A93;A101;4;A124;39;A141;A153;1;A174;2;A192;A201;1;0.653749881
A11;6;A34;A43;1957;A61;A74;1;A92;A101;4;A123;31;A143;A152;1;A173;1;A191;A201;1;0.592648628
A14;9;A34;A42;2406;A61;A71;2;A93;A101;3;A123;31;A143;A152;1;A174;1;A191;A201;1;0.402461718
A12;39;A33;A46;11760;A62;A74;2;A93;A101;3;A124;32;A143;A151;1;A173;1;A192;A201;1;0.505063607
A11;12;A32;A42;2578;A61;A71;3;A92;A101;4;A124;55;A143;A153;1;A174;1;A191;A201;1;0.424412771
A11;36;A34;A42;2348;A61;A73;3;A94;A101;2;A122;46;A143;A152;2;A173;1;A192;A201;1;0.515686561
A12;12;A32;A40;1223;A61;A75;1;A91;A101;1;A121;46;A143;A151;2;A173;1;A191;A201;2;0.570066798
A14;24;A34;A43;1516;A64;A73;4;A92;A101;1;A121;43;A143;A152;2;A172;1;A191;A201;1;0.39059678
A14;18;A32;A43;1473;A61;A72;3;A94;A101;4;A121;39;A143;A152;1;A173;1;A192;A201;1;0.475396295
A12;18;A34;A49;1887;A65;A73;4;A94;A101;4;A121;28;A141;A152;2;A173;1;A191;A201;1;0.533173697
A14;24;A33;A49;8648;A61;A72;2;A93;A101;2;A123;27;A141;A152;2;A173;1;A192;A201;2;0.402858099
A14;14;A33;A40;802;A61;A73;4;A93;A101;2;A123;27;A143;A152;2;A172;1;A191;A201;1;0.417057816
A12;18;A33;A40;2899;A65;A75;4;A93;A101;4;A123;43;A143;A152;1;A173;2;A191;A201;1;0.569325521
A12;24;A32;A43;2039;A61;A72;1;A94;A101;1;A122;22;A143;A152;1;A173;1;A192;A201;2;0.408498664
A14;24;A34;A41;2197;A65;A74;4;A93;A101;4;A123;43;A143;A152;2;A173;2;A192;A201;1;0.592927736
A11;15;A32;A43;1053;A61;A72;4;A94;A101;2;A121;27;A143;A152;1;A173;1;A191;A202;1;0.347456876
A14;24;A32;A43;3235;A63;A75;3;A91;A101;2;A123;26;A143;A152;1;A174;1;A192;A201;1;0.543542082
A13;12;A34;A40;939;A63;A74;4;A94;A101;2;A121;28;A143;A152;3;A173;1;A192;A201;2;0.526462466
A12;24;A32;A43;1967;A61;A75;4;A92;A101;4;A123;20;A143;A152;1;A173;1;A192;A201;1;0.595282237
A14;33;A34;A41;7253;A61;A74;3;A93;A101;2;A123;35;A143;A152;2;A174;1;A192;A201;1;0.527033779
A14;12;A34;A49;2292;A61;A71;4;A93;A101;2;A123;42;A142;A152;2;A174;1;A192;A201;2;0.349821162
A14;10;A32;A40;1597;A63;A73;3;A93;A101;2;A124;40;A143;A151;1;A172;2;A191;A202;1;0.382471645
A11;24;A32;A40;1381;A65;A73;4;A92;A101;2;A122;35;A143;A152;1;A173;1;A191;A201;2;0.415234584
A14;36;A34;A41;5842;A61;A75;2;A93;A101;2;A122;35;A143;A152;2;A173;2;A192;A201;1;0.60394963
A11;12;A32;A40;2579;A61;A72;4;A93;A101;1;A121;33;A143;A152;1;A172;2;A191;A201;2;0.253859898
A11;18;A33;A46;8471;A65;A73;1;A92;A101;2;A123;23;A143;A151;2;A173;1;A192;A201;1;0.465773552
A14;21;A32;A40;2782;A63;A74;1;A92;A101;2;A123;31;A141;A152;1;A174;1;A191;A201;1;0.555475366
A12;18;A32;A40;1042;A65;A73;4;A92;A101;2;A122;33;A143;A152;1;A173;1;A191;A201;2;0.402289044
A14;15;A32;A40;3186;A64;A74;2;A92;A101;3;A123;20;A143;A151;1;A173;1;A191;A201;1;0.527171828
A12;12;A32;A41;2028;A65;A73;4;A93;A101;2;A123;30;A143;A152;1;A173;1;A191;A201;1;0.375779533
A12;12;A34;A40;958;A61;A74;2;A93;A101;3;A121;47;A143;A152;2;A172;2;A191;A201;1;0.565027654
A14;21;A33;A42;1591;A62;A74;4;A93;A101;3;A121;34;A143;A152;2;A174;1;A191;A201;1;0.567667585
A12;12;A32;A42;2762;A65;A75;1;A92;A101;2;A122;25;A141;A152;1;A173;1;A192;A201;2;0.554312116
A12;18;A32;A41;2779;A61;A73;1;A94;A101;3;A123;21;A143;A151;1;A173;1;A192;A201;1;0.524042329
A14;28;A34;A43;2743;A61;A75;4;A93;A101;2;A123;29;A143;A152;2;A173;1;A191;A201;1;0.55177064
A14;18;A34;A43;1149;A64;A73;4;A93;A101;3;A121;46;A143;A152;2;A173;1;A191;A201;1;0.494216946
A14;9;A32;A42;1313;A61;A75;1;A93;A101;4;A123;20;A143;A152;1;A173;1;A191;A201;1;0.653960793
A11;18;A34;A45;1190;A61;A71;2;A92;A101;4;A124;55;A143;A153;3;A171;2;A191;A201;2;0.509301106
A14;5;A32;A49;3448;A61;A74;1;A93;A101;4;A121;74;A143;A152;1;A172;1;A191;A201;1;0.551393529
A12;24;A32;A410;11328;A61;A73;2;A93;A102;3;A123;29;A141;A152;2;A174;1;A192;A201;2;0.491702116
A11;6;A34;A42;1872;A61;A71;4;A93;A101;4;A124;36;A143;A153;3;A174;1;A192;A201;1;0.4772397
A14;24;A34;A45;2058;A61;A73;4;A91;A101;2;A121;33;A143;A152;2;A173;1;A192;A201;1;0.45481579
A11;9;A32;A42;2136;A61;A73;3;A93;A101;2;A121;25;A143;A152;1;A173;1;A191;A201;1;0.397473759
A12;12;A32;A43;1484;A65;A73;2;A94;A101;1;A121;25;A143;A152;1;A173;1;A192;A201;2;0.396852315
A14;6;A32;A45;660;A63;A74;2;A94;A101;4;A121;23;A143;A151;1;A172;1;A191;A201;1;0.5516624
A14;24;A34;A40;1287;A64;A75;4;A92;A101;4;A121;37;A143;A152;2;A173;1;A192;A201;1;0.648754997
A11;42;A34;A45;3394;A61;A71;4;A93;A102;4;A123;65;A143;A152;2;A171;1;A191;A201;1;0.443875189
A13;12;A31;A49;609;A61;A72;4;A92;A101;1;A121;26;A143;A152;1;A171;1;A191;A201;2;0.250770896
A14;12;A32;A40;1884;A61;A75;4;A93;A101;4;A123;39;A143;A152;1;A174;1;A192;A201;1;0.586555981
A11;12;A32;A42;1620;A61;A73;2;A92;A102;3;A122;30;A143;A152;1;A173;1;A191;A201;1;0.488483345
A12;20;A33;A410;2629;A61;A73;2;A93;A101;3;A123;29;A141;A152;2;A173;1;A192;A201;1;0.546553705
A14;12;A32;A46;719;A61;A75;4;A93;A101;4;A123;41;A141;A152;1;A172;2;A191;A201;2;0.551970412
A12;48;A34;A42;5096;A61;A73;2;A92;A101;3;A123;30;A143;A152;1;A174;1;A192;A201;2;0.574650698
A14;9;A34;A46;1244;A65;A75;4;A92;A101;4;A122;41;A143;A151;2;A172;1;A191;A201;1;0.584899701
A11;36;A32;A40;1842;A61;A72;4;A92;A101;4;A123;34;A143;A152;1;A173;1;A192;A201;2;0.48985871
A12;7;A32;A43;2576;A61;A73;2;A93;A103;2;A121;35;A143;A152;1;A173;1;A191;A201;1;0.418505292
A13;12;A32;A42;1424;A65;A75;3;A92;A101;4;A121;55;A143;A152;1;A174;1;A192;A201;1;0.622272735
A12;15;A33;A45;1512;A64;A73;3;A94;A101;3;A122;61;A142;A152;2;A173;1;A191;A201;2;0.513300747
A14;36;A34;A41;11054;A65;A73;4;A93;A101;2;A123;30;A143;A152;1;A174;1;A192;A201;1;0.372300021
A14;6;A32;A43;518;A61;A73;3;A92;A101;1;A121;29;A143;A152;1;A173;1;A191;A201;1;0.359317598
A14;12;A30;A42;2759;A61;A75;2;A93;A101;4;A122;34;A143;A152;2;A173;1;A191;A201;1;0.662869959
A14;24;A32;A41;2670;A61;A75;4;A93;A101;4;A123;35;A143;A152;1;A174;1;A192;A201;1;0.611341468
A11;24;A32;A40;4817;A61;A74;2;A93;A102;3;A122;31;A143;A152;1;A173;1;A192;A201;2;0.535099149
A14;24;A32;A41;2679;A61;A72;4;A92;A101;1;A124;29;A143;A152;1;A174;1;A192;A201;1;0.332179568
A11;11;A34;A40;3905;A61;A73;2;A93;A101;2;A121;36;A143;A151;2;A173;2;A191;A201;1;0.462355913
A11;12;A32;A41;3386;A61;A75;3;A93;A101;4;A124;35;A143;A153;1;A173;1;A192;A201;2;0.578932005
A11;6;A32;A44;343;A61;A72;4;A92;A101;1;A121;27;A143;A152;1;A173;1;A191;A201;1;0.283589686
A14;18;A32;A43;4594;A61;A72;3;A93;A101;2;A123;32;A143;A152;1;A173;1;A192;A201;1;0.350423486
A11;36;A32;A42;3620;A61;A73;1;A93;A103;2;A122;37;A143;A152;1;A173;2;A191;A201;1;0.518169023
A11;15;A32;A40;1721;A61;A72;2;A93;A101;3;A121;36;A143;A152;1;A173;1;A191;A201;1;0.449145718
A12;12;A32;A42;3017;A61;A72;3;A92;A101;1;A121;34;A143;A151;1;A174;1;A191;A201;1;0.32689549
A12;12;A32;A48;754;A65;A75;4;A93;A101;4;A122;38;A143;A152;2;A173;1;A191;A201;1;0.62137956
A14;18;A32;A49;1950;A61;A74;4;A93;A101;1;A123;34;A142;A152;2;A173;1;A192;A201;1;0.439505513
A11;24;A32;A41;2924;A61;A73;3;A93;A103;4;A124;63;A141;A152;1;A173;2;A192;A201;1;0.523469962
A11;24;A33;A43;1659;A61;A72;4;A92;A101;2;A123;29;A143;A151;1;A172;1;A192;A201;2;0.342621267
A14;48;A33;A43;7238;A65;A75;3;A93;A101;3;A123;32;A141;A152;2;A173;2;A191;A201;1;0.637994447
A14;33;A33;A49;2764;A61;A73;2;A92;A101;2;A123;26;A143;A152;2;A173;1;A192;A201;1;0.534227803
A14;24;A33;A41;4679;A61;A74;3;A93;A101;3;A123;35;A143;A152;2;A172;1;A192;A201;1;0.528759911
A12;24;A32;A43;3092;A62;A72;3;A94;A101;2;A123;22;A143;A151;1;A173;1;A192;A201;2;0.382215269
A11;6;A32;A46;448;A61;A72;4;A92;A101;4;A122;23;A143;A152;1;A173;1;A191;A201;2;0.422049689
A11;9;A32;A40;654;A61;A73;4;A93;A101;3;A123;28;A143;A152;1;A172;1;A191;A201;2;0.404892996
A14;6;A32;A48;1238;A65;A71;4;A93;A101;4;A122;36;A143;A152;1;A174;2;A192;A201;1;0.390706677
A12;18;A34;A43;1245;A61;A73;4;A94;A101;2;A123;33;A143;A152;1;A173;1;A191;A201;2;0.400210942
A11;18;A30;A42;3114;A61;A72;1;A92;A101;4;A122;26;A143;A151;1;A173;1;A191;A201;2;0.520612947
A14;39;A32;A41;2569;A63;A73;4;A93;A101;4;A123;24;A143;A152;1;A173;1;A191;A201;1;0.537136003
A13;24;A32;A43;5152;A61;A74;4;A93;A101;2;A123;25;A141;A152;1;A173;1;A191;A201;1;0.423142635
A12;12;A32;A49;1037;A62;A74;3;A93;A101;4;A121;39;A143;A152;1;A172;1;A191;A201;1;0.533211182
A11;15;A34;A42;1478;A61;A75;4;A93;A101;4;A123;44;A143;A152;2;A173;2;A192;A201;1;0.622175935
A12;12;A34;A43;3573;A61;A73;1;A92;A101;1;A121;23;A143;A152;1;A172;1;A191;A201;1;0.383219244
A12;24;A32;A40;1201;A61;A72;4;A93;A101;1;A122;26;A143;A152;1;A173;1;A191;A201;1;0.324053981
A11;30;A32;A42;3622;A64;A75;4;A92;A101;4;A122;57;A143;A151;2;A173;1;A192;A201;1;0.641267564
A14;15;A33;A42;960;A64;A74;3;A92;A101;2;A122;30;A143;A152;2;A173;1;A191;A201;1;0.518951549
A14;12;A34;A40;1163;A63;A73;4;A93;A101;4;A121;44;A143;A152;1;A173;1;A192;A201;1;0.477657759
A12;6;A33;A40;1209;A61;A71;4;A93;A101;4;A122;47;A143;A152;1;A174;1;A192;A201;2;0.391003549
A14;12;A32;A43;3077;A61;A73;2;A93;A101;4;A123;52;A143;A152;1;A173;1;A192;A201;1;0.520079722
A14;24;A32;A40;3757;A61;A75;4;A92;A102;4;A124;62;A143;A153;1;A173;1;A192;A201;1;0.576958078
A14;10;A32;A40;1418;A62;A73;3;A93;A101;2;A121;35;A143;A151;1;A172;1;A191;A202;1;0.384304061
A14;6;A32;A40;3518;A61;A73;2;A93;A103;3;A122;26;A143;A151;1;A173;1;A191;A201;1;0.452637726
A14;12;A34;A43;1934;A61;A75;2;A93;A101;2;A124;26;A143;A152;2;A173;1;A191;A201;1;0.578292195
A12;27;A30;A49;8318;A61;A75;2;A92;A101;4;A124;42;A143;A153;2;A174;1;A192;A201;2;0.670258184
A14;6;A34;A43;1237;A62;A73;1;A92;A101;1;A122;27;A143;A152;2;A173;1;A191;A201;1;0.460484356
A12;6;A32;A43;368;A65;A75;4;A93;A101;4;A122;38;A143;A152;1;A173;1;A191;A201;1;0.56240353
A11;12;A34;A40;2122;A61;A73;3;A93;A101;2;A121;39;A143;A151;2;A172;2;A191;A202;1;0.429080825
A11;24;A32;A42;2996;A65;A73;2;A94;A101;4;A123;20;A143;A152;1;A173;1;A191;A201;2;0.553740653
A12;36;A32;A42;9034;A62;A72;4;A93;A102;1;A124;29;A143;A151;1;A174;1;A192;A201;2;0.299955424
A14;24;A34;A42;1585;A61;A74;4;A93;A101;3;A122;40;A143;A152;2;A173;1;A191;A201;1;0.552681128
A12;18;A32;A43;1301;A61;A75;4;A94;A103;2;A121;32;A143;A152;1;A172;1;A191;A201;1;0.469405114
A13;6;A34;A40;1323;A62;A75;2;A91;A101;4;A123;28;A143;A152;2;A173;2;A192;A201;1;0.661154365
A11;24;A32;A40;3123;A61;A72;4;A92;A101;1;A122;27;A143;A152;1;A173;1;A191;A201;2;0.304378544
A11;36;A32;A41;5493;A61;A75;2;A93;A101;4;A124;42;A143;A153;1;A173;2;A191;A201;1;0.654033957
A13;9;A32;A43;1126;A62;A75;2;A91;A101;4;A121;49;A143;A152;1;A173;1;A191;A201;1;0.624867352
A12;24;A34;A43;1216;A62;A72;4;A93;A101;4;A124;38;A141;A152;2;A173;2;A191;A201;2;0.509946938
A11;24;A32;A40;1207;A61;A72;4;A92;A101;4;A122;24;A143;A151;1;A173;1;A191;A201;2;0.463527443
A14;10;A32;A40;1309;A65;A73;4;A93;A103;4;A122;27;A143;A152;1;A172;1;A191;A201;2;0.447435393
A13;15;A34;A41;2360;A63;A73;2;A93;A101;2;A123;36;A143;A152;1;A173;1;A192;A201;1;0.442604301
A12;15;A31;A40;6850;A62;A71;1;A93;A101;2;A122;34;A143;A152;1;A174;2;A192;A201;2;0.35788066
A14;24;A32;A43;1413;A61;A73;4;A94;A101;2;A122;28;A143;A152;1;A173;1;A191;A201;1;0.414907001
A14;39;A32;A41;8588;A62;A75;4;A93;A101;2;A123;45;A143;A152;1;A174;1;A192;A201;1;0.498775554
A11;12;A32;A40;759;A61;A74;4;A93;A101;2;A121;26;A143;A152;1;A173;1;A191;A201;2;0.435281863
A14;36;A32;A41;4686;A61;A73;2;A93;A101;2;A124;32;A143;A153;1;A174;1;A192;A201;1;0.499504486
A13;15;A32;A49;2687;A61;A74;2;A93;A101;4;A122;26;A143;A151;1;A173;1;A192;A201;1;0.578791698
A12;12;A33;A43;585;A61;A73;4;A94;A102;4;A121;20;A143;A151;2;A173;1;A191;A201;1;0.53008635
A14;24;A32;A40;2255;A65;A72;4;A93;A101;1;A122;54;A143;A152;1;A173;1;A191;A201;1;0.313264225
A11;6;A34;A40;609;A61;A74;4;A92;A101;3;A122;37;A143;A152;2;A173;1;A191;A202;1;0.513424795
A11;6;A34;A40;1361;A61;A72;2;A93;A101;4;A121;40;A143;A152;1;A172;2;A191;A202;1;0.451463035
A14;36;A34;A42;7127;A61;A72;2;A92;A101;4;A122;23;A143;A151;2;A173;1;A192;A201;2;0.544283508
A11;6;A32;A40;1203;A62;A75;3;A93;A101;2;A122;43;A143;A152;1;A173;1;A192;A201;1;0.491840164
A14;6;A34;A43;700;A65;A75;4;A93;A101;4;A124;36;A143;A153;2;A173;1;A191;A201;1;0.605516487
A14;24;A34;A45;5507;A61;A75;3;A93;A101;4;A124;44;A143;A153;2;A173;1;A191;A201;1;0.636562778
A11;18;A32;A43;3190;A61;A73;2;A92;A101;2;A121;24;A143;A152;1;A173;1;A191;A201;2;0.442315558
A11;48;A30;A42;7119;A61;A73;3;A93;A101;4;A124;53;A143;A153;2;A173;2;A191;A201;2;0.592701017
A14;24;A32;A41;3488;A62;A74;3;A92;A101;4;A123;23;A143;A152;1;A173;1;A191;A201;1;0.564207945
A12;18;A32;A43;1113;A61;A73;4;A92;A103;4;A121;26;A143;A152;1;A172;2;A191;A201;1;0.471329662
A12;26;A32;A41;7966;A61;A72;2;A93;A101;3;A123;30;A143;A152;2;A173;1;A191;A201;1;0.46182329
A14;15;A34;A46;1532;A62;A73;4;A92;A101;3;A123;31;A143;A152;1;A173;1;A191;A201;1;0.435576628
A14;4;A34;A43;1503;A61;A74;2;A93;A101;1;A121;42;A143;A152;2;A172;2;A191;A201;1;0.44453743
A11;36;A32;A43;2302;A61;A73;4;A91;A101;4;A123;31;A143;A151;1;A173;1;A191;A201;2;0.531661337
A11;6;A32;A40;662;A61;A72;3;A93;A101;4;A121;41;A143;A152;1;A172;2;A192;A201;1;0.427610918
A12;36;A32;A46;2273;A61;A74;3;A93;A101;1;A123;32;A143;A152;2;A173;2;A191;A201;1;0.516454333
A12;15;A32;A40;2631;A62;A73;2;A92;A101;4;A123;28;A143;A151;2;A173;1;A192;A201;2;0.579364968
A14;12;A33;A41;1503;A61;A73;4;A94;A101;4;A121;41;A143;A151;1;A173;1;A191;A201;1;0.474177193
A14;24;A32;A43;1311;A62;A74;4;A94;A101;3;A122;26;A143;A152;1;A173;1;A192;A201;1;0.508974427
A14;24;A32;A43;3105;A65;A72;4;A93;A101;2;A123;25;A143;A152;2;A173;1;A191;A201;1;0.397586065
A13;21;A34;A46;2319;A61;A72;2;A91;A101;1;A123;33;A143;A151;1;A173;1;A191;A201;2;0.366416629
A11;6;A32;A40;1374;A65;A71;4;A92;A101;3;A122;75;A143;A152;1;A174;1;A192;A201;1;0.342802822
A12;18;A34;A42;3612;A61;A75;3;A92;A101;4;A122;37;A143;A152;1;A173;1;A192;A201;1;0.593034321
A11;48;A32;A40;7763;A61;A75;4;A93;A101;4;A124;42;A141;A153;1;A174;1;A191;A201;2;0.624868105
A13;18;A32;A42;3049;A61;A72;1;A92;A101;1;A122;45;A142;A152;1;A172;1;A191;A201;1;0.358487652
A12;12;A32;A43;1534;A61;A72;1;A94;A101;1;A121;23;A143;A151;1;A173;1;A191;A201;2;0.380836591
A14;24;A33;A40;2032;A61;A75;4;A93;A101;4;A124;60;A143;A153;2;A173;1;A192;A201;1;0.641128462
A11;30;A32;A42;6350;A65;A75;4;A93;A101;4;A122;31;A143;A152;1;A173;1;A191;A201;2;0.56682951
A13;18;A32;A42;2864;A61;A73;2;A93;A101;1;A121;34;A143;A152;1;A172;2;A191;A201;2;0.375885365
A14;12;A34;A40;1255;A61;A75;4;A93;A101;4;A121;61;A143;A152;2;A172;1;A191;A201;1;0.592995029
A11;24;A33;A40;1333;A61;A71;4;A93;A101;2;A121;43;A143;A153;2;A173;2;A191;A201;2;0.36921433
A14;24;A34;A40;2022;A61;A73;4;A92;A101;4;A123;37;A143;A152;1;A173;1;A192;A201;1;0.501695948
A14;24;A32;A43;1552;A61;A74;3;A93;A101;1;A123;32;A141;A152;1;A173;2;A191;A201;1;0.444491815
A11;12;A31;A43;626;A61;A73;4;A92;A101;4;A121;24;A141;A152;1;A172;1;A191;A201;2;0.459899193
A14;48;A34;A41;8858;A65;A74;2;A93;A101;1;A124;35;A143;A153;2;A173;1;A192;A201;1;0.51288344
A14;12;A34;A45;996;A65;A74;4;A92;A101;4;A121;23;A143;A152;2;A173;1;A191;A201;1;0.572390588
A14;6;A31;A43;1750;A63;A75;2;A93;A101;4;A122;45;A141;A152;1;A172;2;A191;A201;1;0.587015741
A11;48;A32;A43;6999;A61;A74;1;A94;A103;1;A121;34;A143;A152;2;A173;1;A192;A201;2;0.562921701
A12;12;A34;A40;1995;A62;A72;4;A93;A101;1;A123;27;A143;A152;1;A173;1;A191;A201;1;0.283094097
A12;9;A32;A46;1199;A61;A74;4;A92;A101;4;A122;67;A143;A152;2;A174;1;A192;A201;1;0.585360364
A12;12;A32;A43;1331;A61;A72;2;A93;A101;1;A123;22;A142;A152;1;A173;1;A191;A201;2;0.351906942
A12;18;A30;A40;2278;A62;A72;3;A92;A101;3;A123;28;A143;A152;2;A173;1;A191;A201;2;0.467155542
A14;21;A30;A40;5003;A65;A73;1;A92;A101;4;A122;29;A141;A152;2;A173;1;A192;A201;2;0.60250652
A11;24;A31;A42;3552;A61;A74;3;A93;A101;4;A123;27;A141;A152;1;A173;1;A191;A201;2;0.563552779
A12;18;A34;A42;1928;A61;A72;2;A93;A101;2;A121;31;A143;A152;2;A172;1;A191;A201;2;0.431978788
A11;24;A32;A41;2964;A65;A75;4;A93;A101;4;A124;49;A141;A153;1;A173;2;A192;A201;1;0.585075988
A11;24;A31;A43;1546;A61;A74;4;A93;A103;4;A123;24;A141;A151;1;A172;1;A191;A201;2;0.529824555
A13;6;A33;A43;683;A61;A72;2;A92;A101;1;A122;29;A141;A152;1;A173;1;A191;A201;1;0.342124624
A12;36;A32;A40;12389;A65;A73;1;A93;A101;4;A124;37;A143;A153;1;A173;1;A192;A201;2;0.521424377
A12;24;A33;A49;4712;A65;A73;4;A93;A101;2;A122;37;A141;A152;2;A174;1;A192;A201;1;0.450902712
A12;24;A33;A43;1553;A62;A74;3;A92;A101;2;A122;23;A143;A151;2;A173;1;A192;A201;1;0.537504834
A11;12;A32;A40;1372;A61;A74;2;A91;A101;3;A123;36;A143;A152;1;A173;1;A191;A201;2;0.537533739
A14;24;A34;A43;2578;A64;A75;2;A93;A101;2;A123;34;A143;A152;1;A173;1;A191;A201;1;0.558019702
A12;48;A32;A43;3979;A65;A74;4;A93;A101;1;A123;41;A143;A152;2;A173;2;A192;A201;1;0.500814064
A11;48;A32;A43;6758;A61;A73;3;A92;A101;2;A123;31;A143;A152;1;A173;1;A192;A201;2;0.456861676
A11;24;A32;A42;3234;A61;A72;4;A92;A101;4;A121;23;A143;A151;1;A172;1;A192;A201;2;0.419521311
A14;30;A34;A43;5954;A61;A74;3;A93;A102;2;A123;38;A143;A152;1;A173;1;A191;A201;1;0.462356214
A14;24;A32;A41;5433;A65;A71;2;A92;A101;4;A122;26;A143;A151;1;A174;1;A192;A201;1;0.459025739
A11;15;A32;A49;806;A61;A73;4;A92;A101;4;A122;22;A143;A152;1;A172;1;A191;A201;1;0.466264475
A12;9;A32;A43;1082;A61;A75;4;A93;A101;4;A123;27;A143;A152;2;A172;1;A191;A201;1;0.586558089
A14;15;A34;A42;2788;A61;A74;2;A92;A102;3;A123;24;A141;A152;2;A173;1;A191;A201;1;0.577757766
A12;12;A32;A43;2930;A61;A74;2;A92;A101;1;A121;27;A143;A152;1;A173;1;A191;A201;1;0.428561299
A14;24;A34;A46;1927;A65;A73;3;A92;A101;2;A123;33;A143;A152;2;A173;1;A192;A201;1;0.487164583
A12;36;A34;A40;2820;A61;A72;4;A91;A101;4;A123;27;A143;A152;2;A173;1;A191;A201;2;0.526358591
A14;24;A32;A48;937;A61;A72;4;A94;A101;3;A123;27;A143;A152;2;A172;1;A191;A201;1;0.443035608
A12;18;A34;A40;1056;A61;A75;3;A93;A103;3;A121;30;A141;A152;2;A173;1;A191;A201;2;0.619199991
A12;12;A34;A40;3124;A61;A72;1;A93;A101;3;A121;49;A141;A152;2;A172;2;A191;A201;1;0.480838895
A14;9;A32;A42;1388;A61;A73;4;A92;A101;2;A121;26;A143;A151;1;A173;1;A191;A201;1;0.374123253
A12;36;A32;A45;2384;A61;A72;4;A93;A101;1;A124;33;A143;A151;1;A172;1;A191;A201;2;0.32151958
A14;12;A32;A40;2133;A65;A75;4;A92;A101;4;A124;52;A143;A153;1;A174;1;A192;A201;1;0.584006978
A11;18;A32;A42;2039;A61;A73;1;A92;A101;4;A121;20;A141;A151;1;A173;1;A191;A201;2;0.578129307
A11;9;A34;A40;2799;A61;A73;2;A93;A101;2;A121;36;A143;A151;2;A173;2;A191;A201;1;0.468206034
A11;12;A32;A42;1289;A61;A73;4;A93;A103;1;A122;21;A143;A152;1;A172;1;A191;A201;1;0.313577205
A11;18;A32;A44;1217;A61;A73;4;A94;A101;3;A121;47;A143;A152;1;A172;1;A192;A201;2;0.42375339
A11;12;A34;A42;2246;A61;A75;3;A93;A101;3;A122;60;A143;A152;2;A173;1;A191;A201;2;0.590602139
A11;12;A34;A43;385;A61;A74;4;A92;A101;3;A121;58;A143;A152;4;A172;1;A192;A201;1;0.601901184
A12;24;A33;A40;1965;A65;A73;4;A92;A101;4;A123;42;A143;A151;2;A173;1;A192;A201;1;0.548791083
A14;21;A32;A49;1572;A64;A75;4;A92;A101;4;A121;36;A141;A152;1;A172;1;A191;A201;1;0.567862088
A12;24;A32;A40;2718;A61;A73;3;A92;A101;4;A122;20;A143;A151;1;A172;1;A192;A201;2;0.502322962
A11;24;A31;A410;1358;A65;A75;4;A93;A101;3;A123;40;A142;A152;1;A174;1;A192;A201;2;0.578260731
A12;6;A31;A40;931;A62;A72;1;A92;A101;1;A122;32;A142;A152;1;A172;1;A191;A201;2;0.347337796
A11;24;A32;A40;1442;A61;A74;4;A92;A101;4;A123;23;A143;A151;2;A173;1;A191;A201;2;0.600656641
A12;24;A30;A49;4241;A61;A73;1;A93;A101;4;A121;36;A143;A152;3;A172;1;A192;A201;2;0.641770831
A14;18;A34;A40;2775;A61;A74;2;A93;A101;2;A122;31;A141;A152;2;A173;1;A191;A201;2;0.539587152
A14;24;A33;A49;3863;A61;A73;1;A93;A101;2;A124;32;A143;A153;1;A173;1;A191;A201;1;0.482849705
A12;7;A32;A43;2329;A61;A72;1;A92;A103;1;A121;45;A143;A152;1;A173;1;A191;A201;1;0.359018318
A12;9;A32;A42;918;A61;A73;4;A92;A101;1;A122;30;A143;A152;1;A173;1;A191;A201;2;0.332422997
A12;24;A31;A46;1837;A61;A74;4;A92;A101;4;A124;34;A141;A153;1;A172;1;A191;A201;2;0.5268456
A14;36;A32;A42;3349;A61;A73;4;A92;A101;2;A123;28;A143;A152;1;A174;1;A192;A201;2;0.451175798
A13;10;A32;A42;1275;A61;A72;4;A92;A101;2;A122;23;A143;A152;1;A173;1;A191;A201;1;0.33150438
A11;24;A31;A42;2828;A63;A73;4;A93;A101;4;A121;22;A142;A152;1;A173;1;A192;A201;1;0.493444958
A14;24;A34;A49;4526;A61;A73;3;A93;A101;2;A121;74;A143;A152;1;A174;1;A192;A201;1;0.43730291
A12;36;A32;A43;2671;A62;A73;4;A92;A102;4;A124;50;A143;A153;1;A173;1;A191;A201;2;0.527883898
A14;18;A32;A43;2051;A61;A72;4;A93;A101;1;A121;33;A143;A152;1;A173;1;A191;A201;1;0.298936696
A14;15;A32;A41;1300;A65;A75;4;A93;A101;4;A124;45;A141;A153;1;A173;2;A191;A201;1;0.577486486
A11;12;A32;A44;741;A62;A71;4;A92;A101;3;A122;22;A143;A152;1;A173;1;A191;A201;2;0.342442873
A13;10;A32;A40;1240;A62;A75;1;A92;A101;4;A124;48;A143;A153;1;A172;2;A191;A201;2;0.634188255
A11;21;A32;A43;3357;A64;A72;4;A92;A101;2;A123;29;A141;A152;1;A173;1;A191;A201;1;0.340286788
A11;24;A31;A41;3632;A61;A73;1;A92;A103;4;A123;22;A141;A151;1;A173;1;A191;A202;1;0.578237698
A14;18;A33;A42;1808;A61;A74;4;A92;A101;1;A121;22;A143;A152;1;A173;1;A191;A201;2;0.394447533
A12;48;A30;A49;12204;A65;A73;2;A93;A101;2;A123;48;A141;A152;1;A174;1;A192;A201;1;0.455374758
A12;60;A33;A43;9157;A65;A73;2;A93;A101;2;A124;27;A143;A153;1;A174;1;A191;A201;1;0.519398512
A11;6;A34;A40;3676;A61;A73;1;A93;A101;3;A121;37;A143;A151;3;A173;2;A191;A201;1;0.575051294
A12;30;A32;A42;3441;A62;A73;2;A92;A102;4;A123;21;A143;A151;1;A173;1;A191;A201;2;0.565601074
A14;12;A32;A40;640;A61;A73;4;A91;A101;2;A121;49;A143;A152;1;A172;1;A191;A201;1;0.36673262
A12;21;A34;A49;3652;A61;A74;2;A93;A101;3;A122;27;A143;A152;2;A173;1;A191;A201;1;0.585328901
A14;18;A34;A40;1530;A61;A73;3;A93;A101;2;A122;32;A141;A152;2;A173;1;A191;A201;2;0.474812788
A14;48;A32;A49;3914;A65;A73;4;A91;A101;2;A121;38;A141;A152;1;A173;1;A191;A201;2;0.454967839
A11;12;A32;A42;1858;A61;A72;4;A92;A101;1;A123;22;A143;A151;1;A173;1;A191;A201;1;0.284496561
A11;18;A32;A43;2600;A61;A73;4;A93;A101;4;A124;65;A143;A153;2;A173;1;A191;A201;2;0.525874744
A14;15;A32;A43;1979;A65;A75;4;A93;A101;2;A123;35;A143;A152;1;A173;1;A191;A201;1;0.477512334
A13;6;A32;A42;2116;A61;A73;2;A93;A101;2;A121;41;A143;A152;1;A173;1;A192;A201;1;0.420478316
A12;9;A31;A40;1437;A62;A74;2;A93;A101;3;A124;29;A143;A152;1;A173;1;A191;A201;2;0.528660402
A14;42;A34;A42;4042;A63;A73;4;A93;A101;4;A121;36;A143;A152;2;A173;1;A192;A201;1;0.576776523
A14;9;A32;A46;3832;A65;A75;1;A93;A101;4;A121;64;A143;A152;1;A172;1;A191;A201;1;0.604918076
A11;24;A32;A43;3660;A61;A73;2;A92;A101;4;A123;28;A143;A152;1;A173;1;A191;A201;1;0.546943311
A11;18;A31;A42;1553;A61;A73;4;A93;A101;3;A123;44;A141;A152;1;A173;1;A191;A201;2;0.443569586
A12;15;A32;A43;1444;A65;A72;4;A93;A101;1;A122;23;A143;A152;1;A173;1;A191;A201;1;0.296942596
A14;9;A32;A42;1980;A61;A72;2;A92;A102;2;A123;19;A143;A151;2;A173;1;A191;A201;2;0.430078477
A12;24;A32;A40;1355;A61;A72;3;A92;A101;4;A123;25;A143;A152;1;A172;1;A192;A201;2;0.469764311
A14;12;A32;A46;1393;A61;A75;4;A93;A101;4;A122;47;A141;A152;3;A173;2;A192;A201;1;0.66134977
A14;24;A32;A43;1376;A63;A74;4;A92;A101;1;A123;28;A143;A152;1;A173;1;A191;A201;1;0.415285769
A14;60;A33;A43;15653;A61;A74;2;A93;A101;4;A123;21;A143;A152;2;A173;1;A192;A201;1;0.615689918
A14;12;A32;A43;1493;A61;A72;4;A92;A101;3;A123;34;A143;A152;1;A173;2;A191;A201;1;0.381256307
A11;42;A33;A43;4370;A61;A74;3;A93;A101;2;A122;26;A141;A152;2;A173;2;A192;A201;2;0.557914924
A11;18;A32;A46;750;A61;A71;4;A92;A101;1;A121;27;A143;A152;1;A171;1;A191;A201;2;0.219231725
A12;15;A32;A45;1308;A61;A75;4;A93;A101;4;A123;38;A143;A152;2;A172;1;A191;A201;1;0.600660404
A14;15;A32;A46;4623;A62;A73;3;A93;A101;2;A122;40;A143;A152;1;A174;1;A192;A201;2;0.411686122
A14;24;A34;A43;1851;A61;A74;4;A94;A103;2;A123;33;A143;A152;2;A173;1;A192;A201;1;0.503446468
A11;18;A34;A43;1880;A61;A74;4;A94;A101;1;A122;32;A143;A152;2;A174;1;A192;A201;1;0.463477914
A14;36;A33;A49;7980;A65;A72;4;A93;A101;4;A123;27;A143;A151;2;A173;1;A192;A201;2;0.473535878
A11;30;A30;A42;4583;A61;A73;2;A91;A103;2;A121;32;A143;A152;2;A173;1;A191;A201;1;0.507398838
A14;12;A32;A40;1386;A63;A73;2;A92;A101;2;A122;26;A143;A152;1;A173;1;A191;A201;2;0.444367165
A13;24;A32;A40;947;A61;A74;4;A93;A101;3;A124;38;A141;A153;1;A173;2;A191;A201;2;0.51270068
A11;12;A32;A46;684;A61;A73;4;A93;A101;4;A123;40;A143;A151;1;A172;2;A191;A201;2;0.459305449
A11;48;A32;A46;7476;A61;A74;4;A93;A101;1;A124;50;A143;A153;1;A174;1;A192;A201;1;0.441759601
A12;12;A32;A42;1922;A61;A73;4;A93;A101;2;A122;37;A143;A152;1;A172;1;A191;A201;2;0.353608837
A11;24;A32;A40;2303;A61;A75;4;A93;A102;1;A121;45;A143;A152;1;A173;1;A191;A201;2;0.452307734
A12;36;A33;A40;8086;A62;A75;2;A93;A101;4;A123;42;A143;A152;4;A174;1;A192;A201;2;0.790280217
A14;24;A34;A41;2346;A61;A74;4;A93;A101;3;A123;35;A143;A152;2;A173;1;A192;A201;1;0.544890801
A11;14;A32;A40;3973;A61;A71;1;A93;A101;4;A124;22;A143;A153;1;A173;1;A191;A201;1;0.454363858
A12;12;A32;A40;888;A61;A75;4;A93;A101;4;A123;41;A141;A152;1;A172;2;A191;A201;2;0.550240365
A14;48;A32;A43;10222;A65;A74;4;A93;A101;3;A123;37;A142;A152;1;A173;1;A192;A201;1;0.483416351
A12;30;A30;A49;4221;A61;A73;2;A92;A101;1;A123;28;A143;A152;2;A173;1;A191;A201;1;0.46459299
A12;18;A34;A42;6361;A61;A75;2;A93;A101;1;A124;41;A143;A152;1;A173;1;A192;A201;1;0.456365786
A13;12;A32;A43;1297;A61;A73;3;A94;A101;4;A121;23;A143;A151;1;A173;1;A191;A201;1;0.507293759
A11;12;A32;A40;900;A65;A73;4;A94;A101;2;A123;23;A143;A152;1;A173;1;A191;A201;2;0.387326824
A14;21;A32;A42;2241;A61;A75;4;A93;A101;2;A121;50;A143;A152;2;A173;1;A191;A201;1;0.537757747
A12;6;A33;A42;1050;A61;A71;4;A93;A101;1;A122;35;A142;A152;2;A174;1;A192;A201;1;0.29960797
A13;6;A34;A46;1047;A61;A73;2;A92;A101;4;A122;50;A143;A152;1;A172;1;A191;A201;1;0.501189068
A14;24;A34;A410;6314;A61;A71;4;A93;A102;2;A124;27;A141;A152;2;A174;1;A192;A201;1;0.341479846
A12;30;A31;A42;3496;A64;A73;4;A93;A101;2;A123;34;A142;A152;1;A173;2;A192;A201;1;0.409999282
A14;48;A31;A49;3609;A61;A73;1;A92;A101;1;A121;27;A142;A152;1;A173;1;A191;A201;1;0.504601739
A11;12;A34;A40;4843;A61;A75;3;A93;A102;4;A122;43;A143;A151;2;A173;1;A192;A201;2;0.610528382
A13;30;A34;A43;3017;A61;A75;4;A93;A101;4;A122;47;A143;A152;1;A173;1;A191;A201;1;0.600949297
A14;24;A34;A49;4139;A62;A73;3;A93;A101;3;A122;27;A143;A152;2;A172;1;A192;A201;1;0.487776242
A14;36;A32;A49;5742;A62;A74;2;A93;A101;2;A123;31;A143;A152;2;A173;1;A192;A201;1;0.558461698
A14;60;A32;A40;10366;A61;A75;2;A93;A101;4;A122;42;A143;A152;1;A174;1;A192;A201;1;0.693068539
A14;6;A34;A40;2080;A63;A73;1;A94;A101;2;A123;24;A143;A152;1;A173;1;A191;A201;1;0.451854598
A14;21;A33;A49;2580;A63;A72;4;A93;A101;2;A121;41;A141;A152;1;A172;2;A191;A201;2;0.324985092
A14;30;A34;A43;4530;A61;A74;4;A92;A101;4;A123;26;A143;A151;1;A174;1;A192;A201;1;0.562204963
A14;24;A34;A42;5150;A61;A75;4;A93;A101;4;A123;33;A143;A152;1;A173;1;A192;A201;1;0.562697993
A12;72;A32;A43;5595;A62;A73;2;A94;A101;2;A123;24;A143;A152;1;A173;1;A191;A201;2;0.565438487
A11;24;A32;A43;2384;A61;A75;4;A93;A101;4;A121;64;A141;A151;1;A172;1;A191;A201;1;0.56775761
A14;18;A32;A43;1453;A61;A72;3;A92;A101;1;A121;26;A143;A152;1;A173;1;A191;A201;1;0.33606615
A14;6;A32;A46;1538;A61;A72;1;A92;A101;2;A124;56;A143;A152;1;A173;1;A191;A201;1;0.410891403
A14;12;A32;A43;2279;A65;A73;4;A93;A101;4;A124;37;A143;A153;1;A173;1;A192;A201;1;0.466233312
A14;15;A33;A43;1478;A61;A73;4;A94;A101;3;A121;33;A141;A152;2;A173;1;A191;A201;1;0.482641051
A14;24;A34;A43;5103;A61;A72;3;A94;A101;3;A124;47;A143;A153;3;A173;1;A192;A201;1;0.501163626
A12;36;A33;A49;9857;A62;A74;1;A93;A101;3;A122;31;A143;A152;2;A172;2;A192;A201;1;0.570600173
A14;60;A32;A40;6527;A65;A73;4;A93;A101;4;A124;34;A143;A153;1;A173;2;A192;A201;1;0.554073655
A13;10;A34;A43;1347;A65;A74;4;A93;A101;2;A122;27;A143;A152;2;A173;1;A192;A201;1;0.470302203
A12;36;A33;A40;2862;A62;A75;4;A93;A101;3;A124;30;A143;A153;1;A173;1;A191;A201;1;0.572440267
A14;9;A32;A43;2753;A62;A75;3;A93;A102;4;A123;35;A143;A152;1;A173;1;A192;A201;1;0.577204066
A11;12;A32;A40;3651;A64;A73;1;A93;A101;3;A122;31;A143;A152;1;A173;2;A191;A201;1;0.498699831
A11;15;A34;A42;975;A61;A73;2;A91;A101;3;A122;25;A143;A152;2;A173;1;A191;A201;1;0.549805746
A12;15;A32;A45;2631;A62;A73;3;A92;A101;2;A121;25;A143;A152;1;A172;1;A191;A201;1;0.385566519
A12;24;A32;A43;2896;A62;A72;2;A93;A101;1;A123;29;A143;A152;1;A173;1;A191;A201;1;0.368717837
A11;6;A34;A40;4716;A65;A72;1;A93;A101;3;A121;44;A143;A152;2;A172;2;A191;A201;1;0.448125786
A14;24;A32;A43;2284;A61;A74;4;A93;A101;2;A123;28;A143;A152;1;A173;1;A192;A201;1;0.452502237
A14;6;A32;A41;1236;A63;A73;2;A93;A101;4;A122;50;A143;A151;1;A173;1;A191;A201;1;0.522510097
A12;12;A32;A43;1103;A61;A74;4;A93;A103;3;A121;29;A143;A152;2;A173;1;A191;A202;1;0.524783605
A14;12;A34;A40;926;A61;A71;1;A92;A101;2;A122;38;A143;A152;1;A171;1;A191;A201;1;0.340549035
A14;18;A34;A43;1800;A61;A73;4;A93;A101;2;A123;24;A143;A152;2;A173;1;A191;A201;1;0.441041057
A13;15;A32;A46;1905;A61;A75;4;A93;A101;4;A123;40;A143;A151;1;A174;1;A192;A201;1;0.594548939
A14;12;A32;A42;1123;A63;A73;4;A92;A101;4;A123;29;A143;A151;1;A172;1;A191;A201;2;0.454811424
A11;48;A34;A41;6331;A61;A75;4;A93;A101;4;A124;46;A143;A153;2;A173;1;A192;A201;2;0.662783246
A13;24;A32;A43;1377;A62;A75;4;A92;A101;2;A124;47;A143;A153;1;A173;1;A192;A201;1;0.508298787
A12;30;A33;A49;2503;A62;A75;4;A93;A101;2;A122;41;A142;A152;2;A173;1;A191;A201;1;0.559699467
A12;27;A32;A49;2528;A61;A72;4;A92;A101;1;A122;32;A143;A152;1;A173;2;A192;A201;1;0.318677469
A14;15;A32;A40;5324;A63;A75;1;A92;A101;4;A124;35;A143;A153;1;A173;1;A191;A201;1;0.629316215
A12;48;A32;A40;6560;A62;A74;3;A93;A101;2;A122;24;A143;A152;1;A173;1;A191;A201;2;0.505400222
A12;12;A30;A42;2969;A61;A72;4;A92;A101;3;A122;25;A143;A151;2;A173;1;A191;A201;2;0.412658182
A12;9;A32;A43;1206;A61;A75;4;A92;A101;4;A121;25;A143;A152;1;A173;1;A191;A201;1;0.562032892
A12;9;A32;A43;2118;A61;A73;2;A93;A101;2;A121;37;A143;A152;1;A172;2;A191;A201;1;0.405409962
A14;18;A34;A43;629;A63;A75;4;A93;A101;3;A122;32;A141;A152;2;A174;1;A192;A201;1;0.615819235
A11;6;A31;A46;1198;A61;A75;4;A92;A101;4;A124;35;A143;A153;1;A173;1;A191;A201;2;0.553906853
A14;21;A32;A41;2476;A65;A75;4;A93;A101;4;A121;46;A143;A152;1;A174;1;A192;A201;1;0.605119504
A11;9;A34;A43;1138;A61;A73;4;A93;A101;4;A121;25;A143;A152;2;A172;1;A191;A201;1;0.492961563
A12;60;A32;A40;14027;A61;A74;4;A93;A101;2;A124;27;A143;A152;1;A174;1;A192;A201;2;0.454040641
A14;30;A34;A41;7596;A65;A75;1;A93;A101;4;A123;63;A143;A152;2;A173;1;A191;A201;1;0.693609141
A14;30;A34;A43;3077;A65;A75;3;A93;A101;2;A123;40;A143;A152;2;A173;2;A192;A201;1;0.584831204
A14;18;A32;A43;1505;A61;A73;4;A93;A101;2;A124;32;A143;A153;1;A174;1;A192;A201;1;0.420805146
A13;24;A34;A43;3148;A65;A73;3;A93;A101;2;A123;31;A143;A152;2;A173;1;A192;A201;1;0.474665255
A12;20;A30;A41;6148;A62;A75;3;A94;A101;4;A123;31;A141;A152;2;A173;1;A192;A201;1;0.619056974
A13;9;A30;A43;1337;A61;A72;4;A93;A101;2;A123;34;A143;A152;2;A174;1;A192;A201;2;0.397901152
A12;6;A31;A46;433;A64;A72;4;A92;A101;2;A122;24;A141;A151;1;A173;2;A191;A201;2;0.329179988
A11;12;A32;A40;1228;A61;A73;4;A92;A101;2;A121;24;A143;A152;1;A172;1;A191;A201;2;0.360713287
A12;9;A32;A43;790;A63;A73;4;A92;A101;3;A121;66;A143;A152;1;A172;1;A191;A201;1;0.403500769
A14;27;A32;A40;2570;A61;A73;3;A92;A101;3;A121;21;A143;A151;1;A173;1;A191;A201;2;0.488790152
A14;6;A34;A40;250;A64;A73;2;A92;A101;2;A121;41;A141;A152;2;A172;1;A191;A201;1;0.462836297
A14;15;A34;A43;1316;A63;A73;2;A94;A101;2;A122;47;A143;A152;2;A172;1;A191;A201;1;0.476547501
A11;18;A32;A43;1882;A61;A73;4;A92;A101;4;A123;25;A141;A151;2;A173;1;A191;A201;2;0.533224882
A12;48;A31;A49;6416;A61;A75;4;A92;A101;3;A124;59;A143;A151;1;A173;1;A191;A201;2;0.568889848
A13;24;A34;A49;1275;A64;A73;2;A91;A101;4;A121;36;A143;A152;2;A173;1;A192;A201;1;0.617870089
A12;24;A33;A43;6403;A61;A72;1;A93;A101;2;A123;33;A143;A152;1;A173;1;A191;A201;1;0.410336198
A11;24;A32;A43;1987;A61;A73;2;A93;A101;4;A121;21;A143;A151;1;A172;2;A191;A201;2;0.540813932
A12;8;A32;A43;760;A61;A74;4;A92;A103;2;A121;44;A143;A152;1;A172;1;A191;A201;1;0.4010719
A14;24;A32;A41;2603;A64;A73;2;A92;A101;4;A123;28;A143;A151;1;A173;1;A192;A201;1;0.557763778
A14;4;A34;A40;3380;A61;A74;1;A92;A101;1;A121;37;A143;A152;1;A173;2;A191;A201;1;0.433074594
A12;36;A31;A44;3990;A65;A72;3;A92;A101;2;A124;29;A141;A152;1;A171;1;A191;A201;1;0.359342588
A12;24;A32;A41;11560;A61;A73;1;A92;A101;4;A123;23;A143;A151;2;A174;1;A191;A201;2;0.566846521
A11;18;A32;A40;4380;A62;A73;3;A93;A101;4;A123;35;A143;A152;1;A172;2;A192;A201;1;0.468893266
A14;6;A34;A40;6761;A61;A74;1;A93;A101;3;A124;45;A143;A152;2;A174;2;A192;A201;1;0.566726086
A12;30;A30;A49;4280;A62;A73;4;A92;A101;4;A123;26;A143;A151;2;A172;1;A191;A201;2;0.518252575
A11;24;A31;A40;2325;A62;A74;2;A93;A101;3;A123;32;A141;A152;1;A173;1;A191;A201;1;0.560609653
A12;10;A31;A43;1048;A61;A73;4;A93;A101;4;A121;23;A142;A152;1;A172;1;A191;A201;1;0.45010724
A14;21;A32;A43;3160;A65;A75;4;A93;A101;3;A122;41;A143;A152;1;A173;1;A192;A201;1;0.528349981
A11;24;A31;A42;2483;A63;A73;4;A93;A101;4;A121;22;A142;A152;1;A173;1;A192;A201;1;0.49697671
A11;39;A34;A42;14179;A65;A74;4;A93;A101;4;A122;30;A143;A152;2;A174;1;A192;A201;1;0.534563966
A11;13;A34;A49;1797;A61;A72;3;A93;A101;1;A122;28;A141;A152;2;A172;1;A191;A201;1;0.342120559
A11;15;A32;A40;2511;A61;A71;1;A92;A101;4;A123;23;A143;A151;1;A173;1;A191;A201;1;0.472066272
A11;12;A32;A40;1274;A61;A72;3;A92;A101;1;A121;37;A143;A152;1;A172;1;A191;A201;2;0.298226883
A14;21;A32;A41;5248;A65;A73;1;A93;A101;3;A123;26;A143;A152;1;A173;1;A191;A201;1;0.506975209
A14;15;A32;A41;3029;A61;A74;2;A93;A101;2;A123;33;A143;A152;1;A173;1;A191;A201;1;0.482267402
A11;6;A32;A42;428;A61;A75;2;A92;A101;1;A122;49;A141;A152;1;A173;1;A192;A201;1;0.484269932
A11;18;A32;A40;976;A61;A72;1;A92;A101;2;A123;23;A143;A152;1;A172;1;A191;A201;2;0.426220498
A12;12;A32;A49;841;A62;A74;2;A92;A101;4;A121;23;A143;A151;1;A172;1;A191;A201;1;0.566225378
A14;30;A34;A43;5771;A61;A74;4;A92;A101;2;A123;25;A143;A152;2;A173;1;A191;A201;1;0.479733454
A14;12;A33;A45;1555;A64;A75;4;A93;A101;4;A124;55;A143;A153;2;A173;2;A191;A201;2;0.613179755
A11;24;A32;A40;1285;A65;A74;4;A92;A101;4;A124;32;A143;A151;1;A173;1;A191;A201;2;0.555752216
A13;6;A34;A40;1299;A61;A73;1;A93;A101;1;A121;74;A143;A152;3;A171;2;A191;A202;1;0.459849664
A13;15;A34;A43;1271;A65;A73;3;A93;A101;4;A124;39;A143;A153;2;A173;1;A192;A201;2;0.562279482
A14;24;A32;A40;1393;A61;A73;2;A93;A103;2;A121;31;A143;A152;1;A173;1;A192;A201;1;0.477127244
A11;12;A34;A40;691;A61;A75;4;A93;A101;3;A122;35;A143;A152;2;A173;1;A191;A201;2;0.57551286
A14;15;A34;A40;5045;A65;A75;1;A92;A101;4;A123;59;A143;A152;1;A173;1;A192;A201;1;0.632172327
A11;18;A34;A42;2124;A61;A73;4;A92;A101;4;A121;24;A143;A151;2;A173;1;A191;A201;2;0.530747537
A11;12;A32;A43;2214;A61;A73;4;A93;A101;3;A122;24;A143;A152;1;A172;1;A191;A201;1;0.397131273
A14;21;A34;A40;12680;A65;A75;4;A93;A101;4;A124;30;A143;A153;1;A174;1;A192;A201;2;0.500661564
A14;24;A34;A40;2463;A62;A74;4;A94;A101;3;A122;27;A143;A152;2;A173;1;A192;A201;1;0.543693077
A12;12;A32;A43;1155;A61;A75;3;A94;A103;3;A121;40;A141;A152;2;A172;1;A191;A201;1;0.578514849
A11;30;A32;A42;3108;A61;A72;2;A91;A101;4;A122;31;A143;A152;1;A172;1;A191;A201;2;0.49924254
A14;10;A32;A41;2901;A65;A72;1;A92;A101;4;A121;31;A143;A151;1;A173;1;A191;A201;1;0.500905595
A12;12;A34;A42;3617;A61;A75;1;A93;A101;4;A123;28;A143;A151;3;A173;1;A192;A201;1;0.731606027
A14;12;A34;A43;1655;A61;A75;2;A93;A101;4;A121;63;A143;A152;2;A172;1;A192;A201;1;0.650915749
A11;24;A32;A41;2812;A65;A75;2;A92;A101;4;A121;26;A143;A151;1;A173;1;A191;A201;1;0.648647509
A11;36;A34;A46;8065;A61;A73;3;A92;A101;2;A124;25;A143;A152;2;A174;1;A192;A201;2;0.480417674
A14;21;A34;A41;3275;A61;A75;1;A93;A101;4;A123;36;A143;A152;1;A174;1;A192;A201;1;0.689963428
A14;24;A34;A43;2223;A62;A75;4;A93;A101;4;A122;52;A141;A152;2;A173;1;A191;A201;1;0.639173203
A13;12;A34;A40;1480;A63;A71;2;A93;A101;4;A124;66;A141;A153;3;A171;1;A191;A201;1;0.489916519
A11;24;A32;A40;1371;A65;A73;4;A92;A101;4;A121;25;A143;A151;1;A173;1;A191;A201;2;0.508360209
A14;36;A34;A40;3535;A61;A74;4;A93;A101;4;A123;37;A143;A152;2;A173;1;A192;A201;1;0.612062421
A11;18;A32;A43;3509;A61;A74;4;A92;A103;1;A121;25;A143;A152;1;A173;1;A191;A201;1;0.377034464
A14;36;A34;A41;5711;A64;A75;4;A93;A101;2;A123;38;A143;A152;2;A174;1;A192;A201;1;0.566530982
A12;18;A32;A45;3872;A61;A71;2;A92;A101;4;A123;67;A143;A152;1;A173;1;A192;A201;1;0.435333951
A12;39;A34;A43;4933;A61;A74;2;A93;A103;2;A121;25;A143;A152;2;A173;1;A191;A201;2;0.574951333
A14;24;A34;A40;1940;A64;A75;4;A93;A101;4;A121;60;A143;A152;1;A173;1;A192;A201;1;0.595558635
A12;12;A30;A48;1410;A61;A73;2;A93;A101;2;A121;31;A143;A152;1;A172;1;A192;A201;1;0.420865664
A12;12;A32;A40;836;A62;A72;4;A92;A101;2;A122;23;A141;A152;1;A172;1;A191;A201;2;0.318214548
A12;20;A32;A41;6468;A65;A71;1;A91;A101;4;A121;60;A143;A152;1;A174;1;A192;A201;1;0.468494325
A12;18;A32;A49;1941;A64;A73;4;A93;A101;2;A122;35;A143;A152;1;A172;1;A192;A201;1;0.369830203
A14;22;A32;A43;2675;A63;A75;3;A93;A101;4;A123;40;A143;A152;1;A173;1;A191;A201;1;0.613570265
A14;48;A34;A41;2751;A65;A75;4;A93;A101;3;A123;38;A143;A152;2;A173;2;A192;A201;1;0.652919935
A12;48;A33;A46;6224;A61;A75;4;A93;A101;4;A124;50;A143;A153;1;A173;1;A191;A201;2;0.617366973
A11;40;A34;A46;5998;A61;A73;4;A93;A101;3;A124;27;A141;A152;1;A173;1;A192;A201;2;0.458257817
A12;21;A32;A49;1188;A61;A75;2;A92;A101;4;A122;39;A143;A152;1;A173;2;A191;A201;2;0.657064398
A14;24;A32;A41;6313;A65;A75;3;A93;A101;4;A123;41;A143;A152;1;A174;2;A192;A201;1;0.605055974
A14;6;A34;A42;1221;A65;A73;1;A94;A101;2;A122;27;A143;A152;2;A173;1;A191;A201;1;0.507159775
A13;24;A32;A42;2892;A61;A75;3;A91;A101;4;A124;51;A143;A153;1;A173;1;A191;A201;1;0.616820801
A14;24;A32;A42;3062;A63;A75;4;A93;A101;3;A124;32;A143;A151;1;A173;1;A192;A201;1;0.537561138
A14;9;A32;A42;2301;A62;A72;2;A92;A101;4;A122;22;A143;A151;1;A173;1;A191;A201;1;0.473304041
A11;18;A32;A41;7511;A65;A75;1;A93;A101;4;A122;51;A143;A153;1;A173;2;A192;A201;2;0.615135917
A14;12;A34;A42;1258;A61;A72;2;A92;A101;4;A122;22;A143;A151;2;A172;1;A191;A201;1;0.515444938
A14;24;A33;A40;717;A65;A75;4;A94;A101;4;A123;54;A143;A152;2;A173;1;A192;A201;1;0.654590065
A12;9;A32;A40;1549;A65;A72;4;A93;A101;2;A121;35;A143;A152;1;A171;1;A191;A201;1;0.279451847
A14;24;A34;A46;1597;A61;A75;4;A93;A101;4;A124;54;A143;A153;2;A173;2;A191;A201;1;0.64558154
A12;18;A34;A43;1795;A61;A75;3;A92;A103;4;A121;48;A141;A151;2;A172;1;A192;A201;1;0.634890691
A11;20;A34;A42;4272;A61;A75;1;A92;A101;4;A122;24;A143;A152;2;A173;1;A191;A201;1;0.700277015
A14;12;A34;A43;976;A65;A75;4;A93;A101;4;A123;35;A143;A152;2;A173;1;A191;A201;1;0.619106955
A12;12;A32;A40;7472;A65;A71;1;A92;A101;2;A121;24;A143;A151;1;A171;1;A191;A201;1;0.273537895
A11;36;A32;A40;9271;A61;A74;2;A93;A101;1;A123;24;A143;A152;1;A173;1;A192;A201;2;0.42931221
A12;6;A32;A43;590;A61;A72;3;A94;A101;3;A121;26;A143;A152;1;A172;1;A191;A202;1;0.381836351
A14;12;A34;A43;930;A65;A75;4;A93;A101;4;A121;65;A143;A152;4;A173;1;A191;A201;1;0.712601111
A12;42;A31;A41;9283;A61;A71;1;A93;A101;2;A124;55;A141;A153;1;A174;1;A192;A201;1;0.406845546
A12;15;A30;A40;1778;A61;A72;2;A92;A101;1;A121;26;A143;A151;2;A171;1;A191;A201;2;0.355538956
A12;8;A32;A49;907;A61;A72;3;A94;A101;2;A121;26;A143;A152;1;A173;1;A192;A201;1;0.360807377
A12;6;A32;A43;484;A61;A74;3;A94;A103;3;A121;28;A141;A152;1;A172;1;A191;A201;1;0.475944725
A11;36;A34;A41;9629;A61;A74;4;A93;A101;4;A123;24;A143;A152;2;A173;1;A192;A201;2;0.549678386
A11;48;A32;A44;3051;A61;A73;3;A93;A101;4;A123;54;A143;A152;1;A173;1;A191;A201;2;0.587833343
A11;48;A32;A40;3931;A61;A74;4;A93;A101;4;A124;46;A143;A153;1;A173;2;A191;A201;2;0.594328694
A12;36;A33;A40;7432;A61;A73;2;A92;A101;2;A122;54;A143;A151;1;A173;1;A191;A201;1;0.44813798
A14;6;A32;A44;1338;A63;A73;1;A91;A101;4;A121;62;A143;A152;1;A173;1;A191;A201;1;0.552473679
A14;6;A34;A43;1554;A61;A74;1;A92;A101;2;A123;24;A143;A151;2;A173;1;A192;A201;1;0.550262495
A11;36;A32;A410;15857;A61;A71;2;A91;A102;3;A123;43;A143;A152;1;A174;1;A191;A201;1;0.338635778
A11;18;A32;A43;1345;A61;A73;4;A94;A101;3;A121;26;A141;A152;1;A173;1;A191;A201;2;0.445698873
A14;12;A32;A40;1101;A61;A73;3;A94;A101;2;A121;27;A143;A152;2;A173;1;A192;A201;1;0.462788575
A13;12;A32;A43;3016;A61;A73;3;A94;A101;1;A123;24;A143;A152;1;A173;1;A191;A201;1;0.350161541
A11;36;A32;A42;2712;A61;A75;2;A93;A101;2;A122;41;A141;A152;1;A173;2;A191;A201;2;0.589479687
A11;8;A34;A40;731;A61;A75;4;A93;A101;4;A121;47;A143;A152;2;A172;1;A191;A201;1;0.587415284
A14;18;A34;A42;3780;A61;A72;3;A91;A101;2;A123;35;A143;A152;2;A174;1;A192;A201;1;0.428523814
A11;21;A34;A40;1602;A61;A75;4;A94;A101;3;A123;30;A143;A152;2;A173;1;A192;A201;1;0.590810793
A11;18;A34;A40;3966;A61;A75;1;A92;A101;4;A121;33;A141;A151;3;A173;1;A192;A201;2;0.744449197
A14;18;A30;A49;4165;A61;A73;2;A93;A101;2;A123;36;A142;A152;2;A173;2;A191;A201;2;0.47884615
A11;36;A32;A41;8335;A65;A75;3;A93;A101;4;A124;47;A143;A153;1;A173;1;A191;A201;2;0.593932765
A12;48;A33;A49;6681;A65;A73;4;A93;A101;4;A124;38;A143;A153;1;A173;2;A192;A201;1;0.519665426
A14;24;A33;A49;2375;A63;A73;4;A93;A101;2;A123;44;A143;A152;2;A173;2;A192;A201;1;0.451570673
A11;18;A32;A40;1216;A61;A72;4;A92;A101;3;A123;23;A143;A151;1;A173;1;A192;A201;2;0.400507813
A11;45;A30;A49;11816;A61;A75;2;A93;A101;4;A123;29;A143;A151;2;A173;1;A191;A201;2;0.66044109
A12;24;A32;A43;5084;A65;A75;2;A92;A101;4;A123;42;A143;A152;1;A173;1;A192;A201;1;0.625389136
A13;15;A32;A43;2327;A61;A72;2;A92;A101;3;A121;25;A143;A152;1;A172;1;A191;A201;2;0.419686306
A11;12;A30;A40;1082;A61;A73;4;A93;A101;4;A123;48;A141;A152;2;A173;1;A191;A201;2;0.524998581
A14;12;A32;A43;886;A65;A73;4;A92;A101;2;A123;21;A143;A152;1;A173;1;A191;A201;1;0.387470142
A14;4;A32;A42;601;A61;A72;1;A92;A101;3;A121;23;A143;A151;1;A172;2;A191;A201;1;0.438267292
A11;24;A34;A41;2957;A61;A75;4;A93;A101;4;A122;63;A143;A152;2;A173;1;A192;A201;1;0.631659274
A14;24;A34;A43;2611;A61;A75;4;A94;A102;3;A121;46;A143;A152;2;A173;1;A191;A201;1;0.588689634
A11;36;A32;A42;5179;A61;A74;4;A93;A101;2;A122;29;A143;A152;1;A173;1;A191;A201;2;0.455697975
A14;21;A33;A41;2993;A61;A73;3;A93;A101;2;A121;28;A142;A152;2;A172;1;A191;A201;1;0.444788236
A14;18;A32;A45;1943;A61;A72;4;A92;A101;4;A121;23;A143;A152;1;A173;1;A191;A201;2;0.439577171
A14;24;A31;A49;1559;A61;A74;4;A93;A101;4;A123;50;A141;A152;1;A173;1;A192;A201;1;0.552947289
A14;18;A32;A42;3422;A61;A75;4;A93;A101;4;A122;47;A141;A152;3;A173;2;A192;A201;1;0.656994847
A12;21;A32;A42;3976;A65;A74;2;A93;A101;3;A123;35;A143;A152;1;A173;1;A192;A201;1;0.535500498
A14;18;A32;A40;6761;A65;A73;2;A93;A101;4;A123;68;A143;A151;2;A173;1;A191;A201;2;0.545294258
A14;24;A32;A40;1249;A61;A72;4;A94;A101;2;A121;28;A143;A152;1;A173;1;A191;A201;1;0.370074235
A11;9;A32;A43;1364;A61;A74;3;A93;A101;4;A121;59;A143;A152;1;A173;1;A191;A201;1;0.544911576
A11;12;A32;A43;709;A61;A75;4;A93;A101;4;A121;57;A142;A152;1;A172;1;A191;A201;2;0.552072781
A11;20;A34;A40;2235;A61;A73;4;A94;A103;2;A122;33;A141;A151;2;A173;1;A191;A202;2;0.442059935
A14;24;A34;A41;4042;A65;A74;3;A93;A101;4;A122;43;A143;A152;2;A173;1;A192;A201;1;0.605048297
A14;15;A34;A43;1471;A61;A73;4;A93;A101;4;A124;35;A143;A153;2;A173;1;A192;A201;1;0.529224338
A11;18;A31;A40;1442;A61;A74;4;A93;A101;4;A124;32;A143;A153;2;A172;2;A191;A201;2;0.560984958
A14;36;A33;A40;10875;A61;A75;2;A93;A101;2;A123;45;A143;A152;2;A173;2;A192;A201;1;0.55242701
A14;24;A32;A40;1474;A62;A72;4;A94;A101;3;A121;33;A143;A152;1;A173;1;A192;A201;1;0.414282546
A14;10;A32;A48;894;A65;A74;4;A92;A101;3;A122;40;A143;A152;1;A173;1;A192;A201;1;0.474939545
A14;15;A34;A42;3343;A61;A73;4;A93;A101;2;A124;28;A143;A153;1;A173;1;A192;A201;1;0.370525865
A11;15;A32;A40;3959;A61;A73;3;A92;A101;2;A122;29;A143;A152;1;A173;1;A192;A201;2;0.39522765
A14;9;A32;A40;3577;A62;A73;1;A93;A103;2;A121;26;A143;A151;1;A173;2;A191;A202;1;0.444737804
A14;24;A34;A41;5804;A64;A73;4;A93;A101;2;A121;27;A143;A152;2;A173;1;A191;A201;1;0.416468137
A14;18;A33;A49;2169;A61;A73;4;A94;A101;2;A123;28;A143;A152;1;A173;1;A192;A201;2;0.390751991
A11;24;A32;A43;2439;A61;A72;4;A92;A101;4;A121;35;A143;A152;1;A173;1;A192;A201;2;0.450915508
A14;27;A34;A42;4526;A64;A72;4;A93;A101;2;A121;32;A142;A152;2;A172;2;A192;A201;1;0.367991465
A14;10;A32;A42;2210;A61;A73;2;A93;A101;2;A121;25;A141;A151;1;A172;1;A191;A201;2;0.40720414
A14;15;A32;A42;2221;A63;A73;2;A92;A101;4;A123;20;A143;A151;1;A173;1;A191;A201;1;0.537050494
A11;18;A32;A43;2389;A61;A72;4;A92;A101;1;A123;27;A142;A152;1;A173;1;A191;A201;1;0.295476604
A14;12;A34;A42;3331;A61;A75;2;A93;A101;4;A122;42;A142;A152;1;A173;1;A191;A201;1;0.61050279
A14;36;A32;A49;7409;A65;A75;3;A93;A101;2;A122;37;A143;A152;2;A173;1;A191;A201;1;0.556900562
A11;12;A32;A42;652;A61;A75;4;A92;A101;4;A122;24;A143;A151;1;A173;1;A191;A201;1;0.575912102
A14;36;A33;A42;7678;A63;A74;2;A92;A101;4;A123;40;A143;A152;2;A173;1;A192;A201;1;0.631666199
A13;6;A34;A40;1343;A61;A75;1;A93;A101;4;A121;46;A143;A152;2;A173;2;A191;A202;1;0.691957378
A11;24;A34;A49;1382;A62;A74;4;A93;A101;1;A121;26;A143;A152;2;A173;1;A192;A201;1;0.461735975
A14;15;A32;A44;874;A65;A72;4;A92;A101;1;A121;24;A143;A152;1;A173;1;A191;A201;1;0.302777664
A11;12;A32;A42;3590;A61;A73;2;A93;A102;2;A122;29;A143;A152;1;A172;2;A191;A201;1;0.398549092
A12;11;A34;A40;1322;A64;A73;4;A92;A101;4;A123;40;A143;A152;2;A173;1;A191;A201;1;0.519805733
A11;18;A31;A43;1940;A61;A72;3;A93;A102;4;A124;36;A141;A153;1;A174;1;A192;A201;1;0.493871448
A14;36;A32;A43;3595;A61;A75;4;A93;A101;2;A123;28;A143;A152;1;A173;1;A191;A201;1;0.518424947
A11;9;A32;A40;1422;A61;A72;3;A93;A101;2;A124;27;A143;A153;1;A174;1;A192;A201;2;0.381527135
A14;30;A34;A43;6742;A65;A74;2;A93;A101;3;A122;36;A143;A152;2;A173;1;A191;A201;1;0.578320497
A14;24;A32;A41;7814;A61;A74;3;A93;A101;3;A123;38;A143;A152;1;A174;1;A192;A201;1;0.496667042
A14;24;A32;A41;9277;A65;A73;2;A91;A101;4;A124;48;A143;A153;1;A173;1;A192;A201;1;0.489442307
A12;30;A34;A40;2181;A65;A75;4;A93;A101;4;A121;36;A143;A152;2;A173;1;A191;A201;1;0.656019024
A14;18;A34;A43;1098;A61;A71;4;A92;A101;4;A123;65;A143;A152;2;A171;1;A191;A201;1;0.401715775
A12;24;A32;A42;4057;A61;A74;3;A91;A101;3;A123;43;A143;A152;1;A173;1;A192;A201;2;0.511871486
A11;12;A32;A46;795;A61;A72;4;A92;A101;4;A122;53;A143;A152;1;A173;1;A191;A201;2;0.434913333
A12;24;A34;A49;2825;A65;A74;4;A93;A101;3;A124;34;A143;A152;2;A173;2;A192;A201;1;0.539987297
A12;48;A32;A49;15672;A61;A73;2;A93;A101;2;A123;23;A143;A152;1;A173;1;A192;A201;2;0.396617166
A14;36;A34;A40;6614;A61;A75;4;A93;A101;4;A123;34;A143;A152;2;A174;1;A192;A201;1;0.650310263
A14;28;A31;A41;7824;A65;A72;3;A93;A103;4;A121;40;A141;A151;2;A173;2;A192;A201;1;0.48425277
A11;27;A34;A49;2442;A61;A75;4;A93;A101;4;A123;43;A142;A152;4;A174;2;A192;A201;1;0.761418313
A14;15;A34;A43;1829;A61;A75;4;A93;A101;4;A123;46;A143;A152;2;A173;1;A192;A201;1;0.618582762
A11;12;A34;A40;2171;A61;A73;4;A93;A101;4;A122;38;A141;A152;2;A172;1;A191;A202;1;0.490594718
A12;36;A34;A41;5800;A61;A73;3;A93;A101;4;A123;34;A143;A152;2;A173;1;A192;A201;1;0.57337183
A14;18;A34;A43;1169;A65;A73;4;A93;A101;3;A122;29;A143;A152;2;A173;1;A192;A201;1;0.494012206
A14;36;A33;A41;8947;A65;A74;3;A93;A101;2;A123;31;A142;A152;1;A174;2;A192;A201;1;0.471388675
A11;21;A32;A43;2606;A61;A72;4;A92;A101;4;A122;28;A143;A151;1;A174;1;A192;A201;1;0.464253815
A14;12;A34;A42;1592;A64;A74;3;A92;A101;2;A122;35;A143;A152;1;A173;1;A191;A202;1;0.457762228
A14;15;A32;A42;2186;A65;A74;1;A92;A101;4;A121;33;A141;A151;1;A172;1;A191;A201;1;0.591672353
A11;18;A32;A42;4153;A61;A73;2;A93;A102;3;A123;42;A143;A152;1;A173;1;A191;A201;2;0.478968994
A11;16;A34;A40;2625;A61;A75;2;A93;A103;4;A122;43;A141;A151;1;A173;1;A192;A201;2;0.628673996
A14;20;A34;A40;3485;A65;A72;2;A91;A101;4;A121;44;A143;A152;2;A173;1;A192;A201;1;0.537790867
A14;36;A34;A41;10477;A65;A75;2;A93;A101;4;A124;42;A143;A153;2;A173;1;A191;A201;1;0.649524576
A14;15;A32;A43;1386;A65;A73;4;A94;A101;2;A121;40;A143;A151;1;A173;1;A192;A201;1;0.390559596
A14;24;A32;A43;1278;A61;A75;4;A93;A101;1;A121;36;A143;A152;1;A174;1;A192;A201;1;0.486056432
A11;12;A32;A43;1107;A61;A73;2;A93;A101;2;A121;20;A143;A151;1;A174;2;A192;A201;1;0.470479091
A11;21;A32;A40;3763;A65;A74;2;A93;A102;2;A121;24;A143;A152;1;A172;1;A191;A202;1;0.467913528
A12;36;A32;A46;3711;A65;A73;2;A94;A101;2;A123;27;A143;A152;1;A173;1;A191;A201;1;0.486229708
A14;15;A33;A41;3594;A61;A72;1;A92;A101;2;A122;46;A143;A152;2;A172;1;A191;A201;1;0.43772383
A12;9;A32;A40;3195;A65;A73;1;A92;A101;2;A121;33;A143;A152;1;A172;1;A191;A201;1;0.425392508
A14;36;A33;A43;4454;A61;A73;4;A92;A101;4;A121;34;A143;A152;2;A173;1;A191;A201;1;0.556143027
A12;24;A34;A42;4736;A61;A72;2;A92;A101;4;A123;25;A141;A152;1;A172;1;A191;A201;2;0.466160901
A12;30;A32;A43;2991;A65;A75;2;A92;A101;4;A123;25;A143;A152;1;A173;1;A191;A201;1;0.663230962
A14;11;A32;A49;2142;A64;A75;1;A91;A101;2;A121;28;A143;A152;1;A173;1;A192;A201;1;0.557923053
A11;24;A31;A49;3161;A61;A73;4;A93;A101;2;A122;31;A143;A151;1;A173;1;A192;A201;2;0.397012795
A12;48;A30;A410;18424;A61;A73;1;A92;A101;2;A122;32;A141;A152;1;A174;1;A192;A202;2;0.422708618
A14;10;A32;A41;2848;A62;A73;1;A93;A102;2;A121;32;A143;A152;1;A173;2;A191;A201;1;0.454936526
A11;6;A32;A40;14896;A61;A75;1;A93;A101;4;A124;68;A141;A152;1;A174;1;A192;A201;2;0.529960044
A11;24;A32;A42;2359;A62;A71;1;A91;A101;1;A122;33;A143;A152;1;A173;1;A191;A201;2;0.358711209
A11;24;A32;A42;3345;A61;A75;4;A93;A101;2;A122;39;A143;A151;1;A174;1;A192;A201;2;0.511408264
A14;18;A34;A42;1817;A61;A73;4;A92;A101;2;A124;28;A143;A152;2;A173;1;A191;A201;1;0.440867028
A14;48;A33;A43;12749;A63;A74;4;A93;A101;1;A123;37;A143;A152;1;A174;1;A192;A201;1;0.387780111
A11;9;A32;A43;1366;A61;A72;3;A92;A101;4;A122;22;A143;A151;1;A173;1;A191;A201;2;0.451867846
A12;12;A32;A40;2002;A61;A74;3;A93;A101;4;A122;30;A143;A151;1;A173;2;A192;A201;1;0.54658833
A11;24;A31;A42;6872;A61;A72;2;A91;A101;1;A122;55;A141;A152;1;A173;1;A192;A201;2;0.328015684
A11;12;A31;A40;697;A61;A72;4;A93;A101;2;A123;46;A141;A152;2;A173;1;A192;A201;2;0.389404927
A11;18;A34;A42;1049;A61;A72;4;A92;A101;4;A122;21;A143;A151;1;A173;1;A191;A201;1;0.448729014
A11;48;A32;A41;10297;A61;A74;4;A93;A101;4;A124;39;A142;A153;3;A173;2;A192;A201;2;0.622183462
A14;30;A32;A43;1867;A65;A75;4;A93;A101;4;A123;58;A143;A152;1;A173;1;A192;A201;1;0.612721801
A11;12;A33;A40;1344;A61;A73;4;A93;A101;2;A121;43;A143;A152;2;A172;2;A191;A201;1;0.406037428
A11;24;A32;A42;1747;A61;A72;4;A93;A102;1;A122;24;A143;A152;1;A172;1;A191;A202;1;0.295208787
A12;9;A32;A43;1670;A61;A72;4;A92;A101;2;A123;22;A143;A152;1;A173;1;A192;A201;2;0.324724803
A14;9;A34;A40;1224;A61;A73;3;A93;A101;1;A121;30;A143;A152;2;A173;1;A191;A201;1;0.406809867
A14;12;A34;A43;522;A63;A75;4;A93;A101;4;A122;42;A143;A152;2;A173;2;A192;A201;1;0.623754535
A11;12;A32;A43;1498;A61;A73;4;A92;A101;1;A123;23;A141;A152;1;A173;1;A191;A201;1;0.334693494
A12;30;A33;A43;1919;A62;A72;4;A93;A101;3;A124;30;A142;A152;2;A174;1;A191;A201;2;0.49591041
A13;9;A32;A43;745;A61;A73;3;A92;A101;2;A121;28;A143;A152;1;A172;1;A191;A201;2;0.388457557
A12;6;A32;A43;2063;A61;A72;4;A94;A101;3;A123;30;A143;A151;1;A174;1;A192;A201;1;0.382261185
A12;60;A32;A46;6288;A61;A73;4;A93;A101;4;A124;42;A143;A153;1;A173;1;A191;A201;2;0.556520289
A14;24;A34;A41;6842;A65;A73;2;A93;A101;4;A122;46;A143;A152;2;A174;2;A192;A201;1;0.584136747
A14;12;A32;A40;3527;A65;A72;2;A93;A101;3;A122;45;A143;A152;1;A174;2;A192;A201;1;0.445705648
A14;10;A32;A40;1546;A61;A73;3;A93;A101;2;A121;31;A143;A152;1;A172;2;A191;A202;1;0.38299373
A14;24;A32;A42;929;A65;A74;4;A93;A101;2;A123;31;A142;A152;1;A173;1;A192;A201;1;0.466373318
A14;4;A34;A40;1455;A61;A74;2;A93;A101;1;A121;42;A143;A152;3;A172;2;A191;A201;1;0.491540432
A11;15;A32;A42;1845;A61;A72;4;A92;A103;1;A122;46;A143;A151;1;A173;1;A191;A201;1;0.292837575
A12;48;A30;A40;8358;A63;A72;1;A92;A101;1;A123;30;A143;A152;2;A173;1;A191;A201;1;0.455986416
A11;24;A31;A42;3349;A63;A72;4;A93;A101;4;A124;30;A143;A153;1;A173;2;A192;A201;2;0.441599874
A14;12;A32;A40;2859;A65;A71;4;A93;A101;4;A124;38;A143;A152;1;A174;1;A192;A201;1;0.390528433
A14;18;A32;A42;1533;A61;A72;4;A94;A102;1;A122;43;A143;A152;1;A172;2;A191;A201;2;0.280983627
A14;24;A32;A43;3621;A62;A75;2;A93;A101;4;A123;31;A143;A152;2;A173;1;A191;A201;2;0.686877437
A12;18;A34;A49;3590;A61;A71;3;A94;A101;3;A123;40;A143;A152;3;A171;2;A192;A201;1;0.407213022
A11;36;A33;A49;2145;A61;A74;2;A93;A101;1;A123;24;A143;A152;2;A173;1;A192;A201;2;0.548772415
A12;24;A32;A41;4113;A63;A72;3;A92;A101;4;A123;28;A143;A151;1;A173;1;A191;A201;2;0.464786589
A14;36;A32;A42;10974;A61;A71;4;A92;A101;2;A123;26;A143;A152;2;A174;1;A192;A201;2;0.32660735
A11;12;A32;A40;1893;A61;A73;4;A92;A103;4;A122;29;A143;A152;1;A173;1;A192;A201;1;0.470184779
A11;24;A34;A43;1231;A64;A75;4;A92;A101;4;A122;57;A143;A151;2;A174;1;A192;A201;1;0.672584081
A13;30;A34;A43;3656;A65;A75;4;A93;A101;4;A122;49;A142;A152;2;A172;1;A191;A201;1;0.617663694
A12;9;A34;A43;1154;A61;A75;2;A93;A101;4;A121;37;A143;A152;3;A172;1;A191;A201;1;0.694348159
A11;28;A32;A40;4006;A61;A73;3;A93;A101;2;A123;45;A143;A152;1;A172;1;A191;A201;2;0.407058414
A12;24;A32;A42;3069;A62;A75;4;A93;A101;4;A124;30;A143;A153;1;A173;1;A191;A201;1;0.584001107
A14;6;A34;A43;1740;A61;A75;2;A94;A101;2;A121;30;A143;A151;2;A173;1;A191;A201;1;0.563862297
A12;21;A33;A40;2353;A61;A73;1;A91;A101;4;A122;47;A143;A152;2;A173;1;A191;A201;1;0.629634464
A14;15;A32;A40;3556;A65;A73;3;A93;A101;2;A124;29;A143;A152;1;A173;1;A191;A201;1;0.399353145
A14;24;A32;A43;2397;A63;A75;3;A93;A101;2;A123;35;A141;A152;2;A173;1;A192;A201;2;0.575376468
A12;6;A32;A45;454;A61;A72;3;A94;A101;1;A122;22;A143;A152;1;A172;1;A191;A201;1;0.290205322
A12;30;A32;A43;1715;A65;A73;4;A92;A101;1;A123;26;A143;A152;1;A173;1;A191;A201;1;0.38171968
A12;27;A34;A43;2520;A63;A73;4;A93;A101;2;A122;23;A143;A152;2;A172;1;A191;A201;2;0.435038435
A14;15;A32;A43;3568;A61;A75;4;A92;A101;2;A123;54;A141;A151;1;A174;1;A192;A201;1;0.484501619
A14;42;A32;A43;7166;A65;A74;2;A94;A101;4;A122;29;A143;A151;1;A173;1;A192;A201;1;0.606811764
A11;11;A34;A40;3939;A61;A73;1;A93;A101;2;A121;40;A143;A152;2;A172;2;A191;A201;1;0.469759794
A12;15;A32;A45;1514;A62;A73;4;A93;A103;2;A121;22;A143;A152;1;A173;1;A191;A201;1;0.389249265
A14;24;A32;A40;7393;A61;A73;1;A93;A101;4;A122;43;A143;A152;1;A172;2;A191;A201;1;0.516480678
A11;24;A31;A40;1193;A61;A71;1;A92;A102;4;A124;29;A143;A151;2;A171;1;A191;A201;2;0.510182388
A11;60;A32;A49;7297;A61;A75;4;A93;A102;4;A124;36;A143;A151;1;A173;1;A191;A201;2;0.639214452
A14;30;A34;A43;2831;A61;A73;4;A92;A101;2;A123;33;A143;A152;1;A173;1;A192;A201;1;0.41680686
A13;24;A32;A43;1258;A63;A73;3;A92;A101;3;A123;57;A143;A152;1;A172;1;A191;A201;1;0.470757296
A12;6;A32;A43;753;A61;A73;2;A92;A103;3;A121;64;A143;A152;1;A173;1;A191;A201;1;0.48094292
A12;18;A33;A49;2427;A65;A75;4;A93;A101;2;A122;42;A143;A152;2;A173;1;A191;A201;1;0.527645739
A14;24;A33;A40;2538;A61;A75;4;A93;A101;4;A123;47;A143;A152;2;A172;2;A191;A201;2;0.612692747
A12;15;A31;A40;1264;A62;A73;2;A94;A101;2;A122;25;A143;A151;1;A173;1;A191;A201;2;0.453824009
A12;30;A34;A42;8386;A61;A74;2;A93;A101;2;A122;49;A143;A152;1;A173;1;A191;A201;2;0.468467679
A14;48;A32;A49;4844;A61;A71;3;A93;A101;2;A123;33;A141;A151;1;A174;1;A192;A201;2;0.406687776
A13;21;A32;A40;2923;A62;A73;1;A92;A101;1;A123;28;A141;A152;1;A174;1;A192;A201;1;0.461008699
A11;36;A32;A41;8229;A61;A73;2;A93;A101;2;A122;26;A143;A152;1;A173;2;A191;A201;2;0.439979123
A14;24;A34;A42;2028;A61;A74;2;A93;A101;2;A122;30;A143;A152;2;A172;1;A191;A201;1;0.540394216
A11;15;A34;A42;1433;A61;A73;4;A92;A101;3;A122;25;A143;A151;2;A173;1;A191;A201;1;0.483101715
A13;42;A30;A49;6289;A61;A72;2;A91;A101;1;A122;33;A143;A152;2;A173;1;A191;A201;1;0.429743066
A14;13;A32;A43;1409;A62;A71;2;A92;A101;4;A121;64;A143;A152;1;A173;1;A191;A201;1;0.446867693
A11;24;A32;A41;6579;A61;A71;4;A93;A101;2;A124;29;A143;A153;1;A174;1;A192;A201;1;0.292255424
A12;24;A34;A43;1743;A61;A75;4;A93;A101;2;A122;48;A143;A152;2;A172;1;A191;A201;1;0.527807874
A14;12;A34;A46;3565;A65;A72;2;A93;A101;1;A122;37;A143;A152;2;A172;2;A191;A201;1;0.352293388
A14;15;A31;A43;1569;A62;A75;4;A93;A101;4;A123;34;A141;A152;1;A172;2;A191;A201;1;0.55147693
A11;18;A32;A43;1936;A65;A74;2;A94;A101;4;A123;23;A143;A151;2;A172;1;A191;A201;1;0.617943404
A11;36;A32;A42;3959;A61;A71;4;A93;A101;3;A122;30;A143;A152;1;A174;1;A192;A201;1;0.398419624
A14;12;A32;A40;2390;A65;A75;4;A93;A101;3;A123;50;A143;A152;1;A173;1;A192;A201;1;0.511608637
A14;12;A32;A42;1736;A61;A74;3;A92;A101;4;A121;31;A143;A152;1;A172;1;A191;A201;1;0.526055547
A11;30;A32;A41;3857;A61;A73;4;A91;A101;4;A122;40;A143;A152;1;A174;1;A192;A201;1;0.522582809
A14;12;A32;A43;804;A61;A75;4;A93;A101;4;A123;38;A143;A152;1;A173;1;A191;A201;1;0.574356084
A11;45;A32;A43;1845;A61;A73;4;A93;A101;4;A124;23;A143;A153;1;A173;1;A192;A201;2;0.56096343
A12;45;A34;A41;4576;A62;A71;3;A93;A101;4;A123;27;A143;A152;1;A173;1;A191;A201;1;0.470990789
